adm_id,awc,bulk_density,year,max_cum_gdd1,max_cum_gdd2,max_cum_gdd3,max_cum_gdd4,max_cum_gdd5,max_cum_gdd6,max_cum_gdd7,max_cum_gdd8,max_cum_gdd9,max_cum_prec1,max_cum_prec2,max_cum_prec3,max_cum_prec4,max_cum_prec5,max_cum_prec6,max_cum_prec7,max_cum_prec8,max_cum_prec9,mean_cum_cwb1,mean_cum_cwb2,mean_cum_cwb3,mean_cum_cwb4,mean_cum_cwb5,mean_cum_cwb6,mean_cum_cwb7,mean_cum_cwb8,mean_cum_cwb9,mean_prec1,mean_prec2,mean_prec3,mean_prec4,mean_prec5,mean_prec6,mean_prec7,mean_prec8,mean_prec9,mean_rad1,mean_rad2,mean_rad3,mean_rad4,mean_rad5,mean_rad6,mean_rad7,mean_rad8,mean_rad9,mean_tavg1,mean_tavg2,mean_tavg3,mean_tavg4,mean_tavg5,mean_tavg6,mean_tavg7,mean_tavg8,mean_tavg9,mean_tmax1,mean_tmax2,mean_tmax3,mean_tmax4,mean_tmax5,mean_tmax6,mean_tmax7,mean_tmax8,mean_tmax9,mean_tmin1,mean_tmin2,mean_tmin3,mean_tmin4,mean_tmin5,mean_tmin6,mean_tmin7,mean_tmin8,mean_tmin9,tmin<-2.5p1,tmin<-2.5p2,tmin<-2.5p3,tmin<-2.5p4,tmin<-2.5p5,tmin<-2.5p6,tmin<-2.5p7,tmin<-2.5p8,tmin<-2.5p9,tmax>35p1,tmax>35p2,tmax>35p3,tmax>35p4,tmax>35p5,tmax>35p6,tmax>35p7,tmax>35p8,tmax>35p9,prec<0p1,prec<0p2,prec<0p3,prec<0p4,prec<0p5,prec<0p6,prec<0p7,prec<0p8,prec<0p9,mean_cum_fpar2,mean_cum_fpar3,mean_cum_fpar4,mean_cum_fpar5,mean_cum_fpar6,mean_cum_fpar7,mean_cum_fpar8,mean_cum_fpar9,mean_cum_ndvi2,mean_cum_ndvi3,mean_cum_ndvi4,mean_cum_ndvi5,mean_cum_ndvi6,mean_cum_ndvi7,mean_cum_ndvi8,mean_cum_ndvi9,mean_ssm1,mean_ssm2,mean_ssm3,mean_ssm4,mean_ssm5,mean_ssm6,mean_ssm7,mean_ssm8,mean_ssm9,yield,stage2_tabpfn_base_prediction,stage2_tabpfn_base_prediction_variance,stage2_tabpfn_base_prediction_std,stage2_tabpfn_base_n_repeats,stage2_tabpfn_base_split,stage2_tabpfn_cn_finetuned_prediction,stage2_tabpfn_cn_finetuned_prediction_variance,stage2_tabpfn_cn_finetuned_prediction_std,stage2_tabpfn_cn_finetuned_n_repeats,stage2_tabpfn_cn_finetuned_split
MX01,13.644,1.583,2014,0.0,86.303,315.75100000000003,620.339,943.549,1260.945,1544.655,1725.365,0.0,0.0,0.11,7.965,11.652,97.704,225.644,344.238,408.553,0.0,0.0,-31.38792307692308,-145.90174193548387,-323.3432666666667,-482.9208387096774,-551.9857666666667,-539.3639677419354,-599.5486842105263,0.0,0.0,0.0084615384615384,0.2533870967741935,0.1229,2.775870967741936,4.264666666666667,3.825612903225806,3.385,0.0,0.0,22594532.0,25182299.29032258,26989540.266666666,25403429.41935484,24124182.366666667,24753661.80645161,24695417.684210528,0.0,0.0,16.638692307692306,17.401548387096774,20.152933333333333,20.426129032258064,20.579866666666664,19.151935483870968,19.511052631578945,0.0,0.0,24.96007692307692,25.576096774193548,28.0827,27.62925806451613,27.1203,25.569612903225806,26.27347368421053,0.0,0.0,8.30146153846154,9.368451612903227,11.709266666666668,13.564741935483871,15.0064,14.110483870967744,14.070736842105262,0.0,0.0,0.0,0.0,0.0,0.0,0.0,0.0,0.0,0.0,0.0,0.0,0.0,0.0,0.0,0.0,0.0,0.0,0.0,0.0,0.0,0.0,0.0,0.0,0.0,0.0,0.0,0.0,28.258,82.79733333333333,157.13166666666666,227.10333333333327,317.3293333333333,451.7053333333333,585.8495,0.0,0.4589999999999999,1.353,2.334,3.28725,4.65,6.6537500000000005,8.2895,0.0,0.0,4.107384615384616,3.82016129032258,3.369866666666667,3.7013548387096775,4.433833333333334,4.963677419354839,4.453947368421052,0.0,4.083,3.90713706,0.00012040035479800295,0.010972709546780273,5,train,3.94080042,0.00012021269808699535,0.010964155146977598,5,train
MX03,11.358,1.473,2014,0.0,0.0,272.672,600.561,1024.759,1515.411,2101.591,2613.93,0.0,0.0,0.0,0.083,0.094,0.381,2.037,39.125,78.356,0.0,0.0,0.0,-72.11140740740741,-240.28126666666668,-440.28477419354834,-662.0504333333333,-844.9303225806451,-1024.579153846154,0.0,0.0,0.0,0.003074074074074,0.0003666666666666,0.009258064516129,0.0552,1.1963870967741936,1.5088846153846154,0.0,0.0,0.0,23701538.444444444,27036196.066666663,28809214.129032254,28381183.933333334,25762411.48387097,23732534.46153846,0.0,0.0,0.0,20.098962962962965,20.92963333333333,23.683806451612902,26.35506666666667,28.909032258064517,29.70534615384616,0.0,0.0,0.0,28.001074074074072,29.191633333333336,32.131419354838705,34.223499999999994,35.43545161290323,36.04842307692308,0.0,0.0,0.0,14.052222222222222,14.265266666666667,17.015548387096775,20.82913333333333,24.45222580645161,25.40480769230769,0.0,0.0,0.0,0.0,0.0,0.0,0.0,0.0,0.0,0.0,0.0,0.0,0.0,1.0,6.0,9.0,17.0,21.0,0.0,0.0,0.0,0.0,0.0,0.0,0.0,0.0,0.0,0.0,0.0,43.672,107.975,176.18666666666664,241.30533333333327,311.578,393.4263333333333,0.0,0.0,0.65175,1.4943333333333335,2.23775,3.0305,3.93075,4.870333333333334,0.0,0.0,0.0,2.265629629629629,1.842566666666667,1.553193548387097,1.5047333333333337,2.9464838709677417,2.9719615384615383,0.0,6.832,6.87487224,0.000376818543162997,0.019411814525257472,5,train,6.81829032,0.0002952798424470047,0.017183708634837962,5,train
MX04,14.258,1.413,2014,0.0,34.021,582.88,1151.807,1697.722,2233.656,2820.267,3387.563,3555.416,0.0,0.47,11.604,39.352,154.463,275.388,328.185,410.164,481.866,0.0,-6.656499999999999,-96.21241935483872,-289.51146666666665,-400.6509032258065,-400.0855,-541.5823548387096,-660.569806451613,-678.1542999999999,0.0,0.235,0.3591612903225806,0.9249333333333332,3.7132580645161286,4.030833333333333,1.7031290322580646,2.644483870967742,7.1702,0.0,17667153.0,20999078.580645163,23091209.6,21004819.22580645,19959436.85,22939765.80645161,22378610.16129032,18697877.85,0.0,27.0105,27.705129032258064,28.964233333333333,27.61016129032258,27.864466666666665,28.92293548387097,28.29987096774193,26.7853,0.0,33.2975,35.394,36.29603333333333,33.59106451612904,33.302366666666664,35.49770967741936,34.91577419354839,32.2568,0.0,21.947,21.479935483870968,22.8247,23.37493548387097,24.21783333333333,24.02054838709677,23.709258064516128,23.378300000000003,0.0,0.0,0.0,0.0,0.0,0.0,0.0,0.0,0.0,0.0,0.0,22.0,23.0,7.0,7.0,20.0,14.0,0.0,0.0,0.0,0.0,0.0,0.0,0.0,0.0,0.0,0.0,0.0,127.81633333333332,294.8403333333333,455.5973333333333,636.598,832.2256666666667,1042.0396666666668,1193.798,0.0,1.67,3.7296666666666662,5.93025,8.97025,11.945,15.0045,17.049,0.0,5.518000000000001,5.136967741935484,4.4562,5.623806451612903,5.795933333333333,4.962677419354838,5.4065161290322585,6.292199999999999,2.745,2.74345764,2.2209250967999993e-05,0.004712669197811363,5,train,2.7722984,4.2801895595000375e-05,0.006542315766989573,5,train
MX05,12.134,1.45,2014,0.0,124.911,351.407,705.173,1117.576,1596.183,2084.981,2335.576,0.0,0.0,4.266,28.058,36.457,77.726,153.987,202.945,238.737,0.0,0.0,-38.44858823529412,-135.88125806451615,-302.8263666666666,-489.208935483871,-651.6579,-776.1265161290323,-890.8831875,0.0,0.0,0.2509411764705882,0.767483870967742,0.2799666666666666,1.331258064516129,2.5420333333333334,1.5792903225806452,2.237,0.0,0.0,19908340.88235294,21905290.90322581,25685886.933333334,25944481.90322581,25109803.5,24957970.25806452,23731185.625,0.0,0.0,17.34770588235294,17.306322580645162,21.7922,23.30332258064516,25.953566666666667,25.76767741935484,25.6621875,0.0,0.0,25.504,24.61135483870968,29.13673333333333,30.424354838709675,32.34883333333333,31.607838709677416,31.5125,0.0,0.0,9.849529411764706,10.465774193548388,14.377966666666667,16.226064516129032,20.003833333333333,20.24254838709677,20.30975,0.0,0.0,0.0,0.0,0.0,0.0,0.0,0.0,0.0,0.0,0.0,0.0,0.0,0.0,0.0,2.0,0.0,0.0,0.0,0.0,0.0,0.0,0.0,0.0,0.0,0.0,0.0,0.0,31.451,93.93966666666668,182.65,268.77,368.3543333333334,482.572,580.5735,0.0,0.4389999999999999,1.32825,2.39,3.43075,4.7955,6.38075,7.534499999999999,0.0,0.0,3.0808235294117647,3.140677419354839,2.3310000000000004,2.725774193548387,3.1001333333333334,3.1390645161290327,3.11975,0.0,1.88,1.8603179,1.425560139000006e-05,0.0037756590669709655,5,train,1.88299102,3.386379936199974e-05,0.005819261066664714,5,train
MX06,13.658,1.435,2014,0.0,156.827,574.403,1015.842,1484.264,1919.018,2366.263,2574.098,0.0,0.0,0.316,1.627,15.107,128.981,562.301,798.582,936.609,0.0,0.0,-30.07575,-140.4067419354839,-309.07783333333333,-433.7636774193549,-300.74983333333336,-36.10048387096773,16.253733333333344,0.0,0.0,0.0263333333333333,0.0422903225806451,0.4493333333333333,3.673354838709677,14.444,7.621967741935484,9.2018,0.0,0.0,22176551.666666668,24961597.22580645,25571137.866666667,22192475.677419357,19019057.766666666,21729462.741935484,21792675.466666665,0.0,0.0,23.068916666666667,23.470193548387098,24.71463333333333,25.110387096774197,24.4918,24.427258064516128,23.855666666666664,0.0,0.0,31.256416666666667,31.670774193548382,32.30416666666667,31.315483870967743,30.10913333333333,30.20174193548387,29.596466666666668,0.0,0.0,17.531833333333335,17.401709677419355,18.8229,20.428516129032257,21.002466666666667,20.738225806451613,20.3904,0.0,0.0,0.0,0.0,0.0,0.0,0.0,0.0,0.0,0.0,0.0,0.0,0.0,0.0,0.0,0.0,0.0,0.0,0.0,0.0,0.0,0.0,0.0,0.0,0.0,0.0,0.0,0.0,42.493,119.71166666666666,221.2913333333333,322.421,466.66833333333335,661.369,833.6485,0.0,0.749,2.0812500000000003,3.457333333333333,4.838749999999999,7.1530000000000005,10.1725,12.4335,0.0,0.0,5.335833333333333,4.913741935483871,4.6191,5.1494193548387095,6.613666666666666,7.124774193548387,7.347666666666667,0.0,3.436,3.45484026,9.823919620799949e-05,0.009911568806601682,5,train,3.48437104,8.889875095300368e-05,0.009428613416245448,5,train
MX07,13.185,1.464,2014,0.0,220.472,706.533,1194.059,1659.921,2095.772,2562.308,2637.16,0.0,0.0,4.261,18.885,50.564,276.827,587.161,676.282,688.853,0.0,0.0,-37.489,-142.31235483870967,-297.8693,-324.5178064516129,-129.59060000000002,-111.61754838709678,-161.5078,0.0,0.0,0.2840666666666667,0.471741935483871,1.0559666666666667,7.298806451612903,10.344466666666667,2.8748709677419355,2.5142,0.0,0.0,21056519.2,23148052.83870968,23935921.2,19824325.93548387,19616862.633333333,22615453.677419357,23221147.2,0.0,0.0,24.69813333333333,25.6793870967742,26.250866666666663,25.027806451612904,24.528366666666667,25.04954838709677,24.9704,0.0,0.0,31.7548,32.729290322580646,32.93343333333333,30.37264516129032,29.1861,30.045774193548382,30.3854,0.0,0.0,19.109466666666663,19.92916129032258,20.93843333333333,21.478612903225805,21.4165,21.160709677419355,20.7786,0.0,0.0,0.0,0.0,0.0,0.0,0.0,0.0,0.0,0.0,0.0,0.0,1.0,0.0,0.0,0.0,0.0,0.0,0.0,0.0,0.0,0.0,0.0,0.0,0.0,0.0,0.0,0.0,42.716,126.97933333333332,249.13566666666668,373.0743333333333,521.9683333333334,696.8966666666666,818.9639999999999,0.0,0.737,2.16925,3.793333333333333,5.6315,8.26625,11.06725,12.794,0.0,0.0,5.825733333333333,5.305870967741935,4.852166666666666,5.965387096774193,6.9315,6.440612903225806,6.0152,0.0,2.142,2.19638328,0.00010697771331700117,0.010343003109203882,5,train,2.2227278,0.00014060703500999718,0.01185778373095062,5,train
MX08,12.3,1.457,2014,0.0,50.526,132.277,297.399,569.807,993.609,1351.487,1471.703,0.0,0.0,0.732,12.225,14.139,17.323999999999998,37.561,112.781,220.333,0.0,0.0,-39.04210526315789,-137.68470967741936,-303.96853333333337,-503.4890322580645,-705.9047666666667,-845.402935483871,-854.3177692307692,0.0,0.0,0.0385263157894736,0.3707419354838709,0.0638,0.1027419354838709,0.6745666666666666,2.4264516129032256,8.273230769230768,0.0,0.0,19783547.57894737,22520133.032258064,26668764.633333333,29097038.0,27312749.73333333,24283780.774193548,20593701.07692308,0.0,0.0,12.647368421052631,12.306193548387098,15.504066666666668,18.78735483870968,24.12673333333333,21.544451612903227,19.24738461538461,0.0,0.0,21.283052631578947,19.84409677419355,23.314433333333334,26.703064516129032,31.503766666666667,28.10658064516129,24.609153846153845,0.0,0.0,4.463052631578948,5.187838709677419,7.6688,10.09332258064516,15.851166666666668,15.633580645161292,15.241923076923078,0.0,0.0,0.0,0.0,0.0,0.0,0.0,0.0,0.0,0.0,0.0,0.0,0.0,0.0,0.0,0.0,0.0,0.0,0.0,0.0,0.0,0.0,0.0,0.0,0.0,0.0,0.0,0.0,24.4465,66.198,118.65000000000002,175.70366666666666,256.1513333333333,387.41533333333336,534.445,0.0,0.433,1.2075,2.019333333333333,2.84375,3.976,5.6765,7.304,0.0,0.0,2.8552631578947367,2.9182580645161287,2.331166666666667,1.9837096774193548,2.1925666666666666,3.0815806451612904,4.400230769230769,0.0,3.439,3.57625916,0.000822498924722995,0.028679242052798308,5,train,3.58120266,0.0013192527764730032,0.03632151946811977,5,train
MX09,14.612,1.478,2014,0.0,6.308,229.501,474.618,710.934,922.997,1122.357,1326.019,1352.121,0.0,0.055,16.039,44.598,157.29,469.109,669.788,884.6370000000001,916.944,0.0,-4.641,-74.90290322580644,-210.0190333333333,-312.9534516129032,-227.15053333333336,-52.53703225806452,-4.657967741935488,58.38074999999999,0.0,0.055,0.5156129032258064,0.9519666666666668,3.635225806451613,10.393966666666667,6.473516129032258,6.930612903225806,8.07675,0.0,23737344.0,24122498.322580647,24090925.53333333,22680322.612903222,20897875.4,22385470.54838709,22357733.93548387,17915321.25,0.0,16.308,17.199774193548386,18.170566666666662,17.62309677419355,17.068766666666665,16.430967741935483,16.569741935483872,16.5255,0.0,24.95,24.96603225806452,25.56083333333333,24.319870967741934,22.357033333333334,22.144645161290324,22.251161290322575,20.80375,0.0,7.751,9.464806451612905,10.837133333333332,11.647870967741936,12.823233333333333,12.048806451612904,12.119225806451611,13.51525,0.0,0.0,0.0,0.0,0.0,0.0,0.0,0.0,0.0,0.0,0.0,0.0,0.0,0.0,0.0,0.0,0.0,0.0,0.0,0.0,0.0,0.0,0.0,0.0,0.0,0.0,0.0,0.0,39.14566666666667,98.973,165.61266666666666,265.022,411.4963333333333,574.6806666666666,678.824,0.0,0.7229999999999999,1.8156666666666668,2.97075,4.614333333333334,6.69725,8.773333333333333,0.0,0.0,6.788,6.463451612903225,6.059366666666667,6.264709677419355,7.1615,8.231548387096774,8.285451612903225,8.343250000000001,1.957,1.9935696200000002,3.800083444199964e-05,0.006164481684780939,5,train,2.02503922,2.105938464199898e-05,0.004589050516392142,5,train
MX10,14.562,1.551,2014,0.0,78.014,256.398,509.673,822.432,1195.4,1505.241,1658.315,0.0,0.0,0.072,5.819,7.182,17.441,88.681,214.462,292.921,0.0,0.0,-33.45814285714285,-142.38187096774192,-324.31356666666665,-512.5768387096774,-673.0432666666667,-707.589870967742,-736.686125,0.0,0.0,0.0051428571428571,0.1853870967741935,0.0454333333333333,0.3309354838709678,2.3746666666666667,4.057451612903226,4.9036875,0.0,0.0,21897712.285714287,24396540.90322581,27287854.6,26476187.16129032,25192994.066666663,23646743.16129032,22665692.125,0.0,0.0,15.572428571428572,15.747290322580644,18.4425,20.089,22.432266666666667,19.99487096774193,19.567125,0.0,0.0,24.356,24.484161290322582,26.858666666666668,27.89835483870968,29.25336666666667,26.208838709677416,25.747125,0.0,0.0,7.1997857142857145,7.964483870967742,10.406866666666668,12.51958064516129,15.771833333333332,14.717225806451612,14.8069375,0.0,0.0,0.0,0.0,0.0,0.0,0.0,0.0,0.0,0.0,0.0,0.0,0.0,0.0,0.0,0.0,0.0,0.0,0.0,0.0,0.0,0.0,0.0,0.0,0.0,0.0,0.0,0.0,19.379,59.604666666666674,121.84166666666668,184.8643333333333,255.6013333333333,358.862,478.3305,0.0,0.3895,1.18375,2.1243333333333334,3.0555000000000003,4.157,5.6545000000000005,7.141,0.0,0.0,3.3097857142857143,3.181193548387097,2.776366666666666,2.6684516129032256,3.2010666666666667,3.9443225806451614,4.1651875,0.0,3.567,3.5677893,7.854175210499998e-05,0.008862378467713957,5,train,3.57452096,6.516441914299839e-05,0.008072448150530197,5,train
MX11,14.064,1.574,2014,0.0,84.572,370.928,700.774,1019.937,1328.543,1605.973,1839.47,0.0,0.0,0.2249999999999999,6.468,26.4,132.671,313.91,448.18,561.325,0.0,0.0,-24.5092,-127.31554838709678,-293.6576333333333,-417.53170967741937,-444.1215,-371.0313870967742,-401.8191923076923,0.0,0.0,0.0225,0.2013870967741935,0.6644000000000001,3.4280967741935484,6.041300000000001,4.331290322580646,4.351730769230769,0.0,0.0,22305121.4,24741782.451612905,26039023.4,23513090.451612905,22353315.966666665,23338048.83870968,23411008.46153846,0.0,0.0,18.4572,19.237290322580645,20.994866666666667,20.29558064516129,20.286866666666665,18.94935483870968,18.98065384615385,0.0,0.0,26.9167,27.892322580645164,29.457666666666668,27.89622580645161,27.0978,25.61858064516129,25.69073076923077,0.0,0.0,10.3171,10.787903225806453,12.730933333333333,13.89667741935484,15.099066666666666,14.28358064516129,14.093461538461538,0.0,0.0,0.0,0.0,0.0,0.0,0.0,0.0,0.0,0.0,0.0,0.0,0.0,0.0,0.0,0.0,0.0,0.0,0.0,0.0,0.0,0.0,0.0,0.0,0.0,0.0,0.0,0.0,39.491,119.904,225.97233333333332,310.9503333333333,419.6636666666666,588.0586666666667,794.5746666666668,0.0,0.409,1.41625,2.684,3.8165,5.562250000000001,8.13925,10.556666666666668,0.0,0.0,5.6845,5.200096774193549,4.557,4.771516129032258,5.4653,6.295741935483871,6.468038461538462,0.0,4.792,4.8134083400000005,0.00012288617162299563,0.01108540353902354,5,train,4.79179554,0.00012842715349799515,0.011332570471785965,5,train
MX12,13.381,1.455,2014,0.0,139.846,654.455,1187.759,1691.956,2137.131,2608.35,2954.76,0.0,0.0,0.2059999999999999,3.406,16.286,141.367,391.416,516.192,666.636,0.0,0.0,-24.60311111111111,-129.4310322580645,-302.4950666666667,-433.2123548387097,-375.20633333333336,-287.04054838709675,-307.26004166666667,0.0,0.0,0.0228888888888888,0.1032258064516129,0.4293333333333333,4.034870967741935,8.334966666666666,4.025032258064517,6.2685,0.0,0.0,22772276.666666668,24142966.129032254,25671074.866666667,22278786.774193548,20464358.8,23474169.19354839,22225312.25,0.0,0.0,25.538444444444444,26.600290322580648,27.7768,26.26441935483871,24.839166666666664,25.200612903225807,24.43375,0.0,0.0,33.273,34.163870967741936,35.28556666666667,32.64709677419355,29.91946666666667,30.474129032258062,29.3465,0.0,0.0,18.59488888888889,19.528645161290324,20.690266666666663,21.00125806451613,20.9176,20.878258064516128,20.598916666666668,0.0,0.0,0.0,0.0,0.0,0.0,0.0,0.0,0.0,0.0,0.0,0.0,6.0,19.0,0.0,0.0,0.0,0.0,0.0,0.0,0.0,0.0,0.0,0.0,0.0,0.0,0.0,0.0,32.12,92.70366666666666,177.19033333333334,270.426,411.8013333333333,597.766,805.5283333333333,0.0,0.354,1.20075,2.344666666666667,3.617,5.93575,8.8365,11.427666666666669,0.0,0.0,5.370444444444445,4.96641935483871,4.503866666666666,5.209677419354839,6.8737,7.241032258064516,7.112333333333333,0.0,1.858,1.89128868,5.901535879699929e-05,0.007682145455339888,5,train,1.93699084,2.1181060213000245e-05,0.004602288584280678,5,train
MX13,14.796,1.464,2014,0.0,24.961,220.612,454.215,660.401,874.873,1071.432,1271.897,1298.29,0.0,2.397,34.116,69.356,159.648,361.55,485.057,589.034,619.479,0.0,-8.99625,-74.97770967741936,-203.61433333333332,-283.7985161290323,-308.5493,-210.37770967741932,-252.31825806451613,-262.42975,0.0,0.59925,1.0231935483870969,1.1746666666666667,2.912645161290323,6.730066666666667,3.984096774193549,3.354096774193549,7.61125,0.0,21834150.0,23454747.16129032,25254630.2,23474825.741935484,20835569.933333334,22927204.967741936,23047659.35483871,17616047.75,0.0,16.24025,16.31132258064516,17.786766666666665,16.65116129032258,17.149066666666666,16.340612903225807,16.466612903225805,16.59825,0.0,24.42575,24.67841935483871,25.9393,23.77490322580645,22.951266666666665,22.27467741935484,22.698,21.94525,0.0,9.42775,9.233,10.5966,11.114612903225806,12.946366666666668,12.00183870967742,11.838709677419354,12.78275,0.0,0.0,0.0,0.0,0.0,0.0,0.0,0.0,0.0,0.0,0.0,0.0,0.0,0.0,0.0,0.0,0.0,0.0,0.0,0.0,0.0,0.0,0.0,0.0,0.0,0.0,0.0,0.0,63.53333333333333,155.839,254.08333333333331,380.91,544.1993333333334,721.2226666666667,834.218,0.361,1.2435,2.4633333333333334,3.84025,5.8005,8.247,10.74,0.0,0.0,4.7145,4.589774193548386,4.317966666666666,4.672193548387097,5.079400000000001,5.5683870967741935,5.242999999999999,5.385,3.153,3.10994006,4.2931598137999436e-05,0.006552220855404634,5,train,3.13664756,2.4031354912999777e-05,0.004902178588444099,5,train
MX14,14.163,1.49,2014,0.0,99.927,383.534,723.754,1076.409,1407.304,1713.348,1915.834,0.0,0.0,0.068,3.282,9.76,84.711,290.119,462.408,578.577,0.0,0.0,-28.593666666666664,-136.52525806451615,-310.1374333333333,-457.6238064516129,-475.5075,-387.66306451612905,-381.2187619047619,0.0,0.0,0.0056666666666666,0.1036774193548387,0.2159333333333333,2.417774193548387,6.846933333333333,5.557709677419354,5.531857142857143,0.0,0.0,22510850.33333333,25241869.741935484,26597908.466666665,23573987.967741936,21689123.0,23137065.35483871,22981877.14285714,0.0,0.0,18.32725,19.148612903225807,21.340666666666667,21.375967741935483,21.02983333333333,19.872387096774197,19.642190476190475,0.0,0.0,26.626083333333337,27.54532258064516,29.49573333333333,28.689096774193548,27.57763333333333,26.342064516129035,25.997666666666667,0.0,0.0,10.650166666666664,11.253096774193548,13.271766666666668,15.08632258064516,16.2167,15.403064516129032,15.235428571428573,0.0,0.0,0.0,0.0,0.0,0.0,0.0,0.0,0.0,0.0,0.0,0.0,0.0,0.0,0.0,0.0,0.0,0.0,0.0,0.0,0.0,0.0,0.0,0.0,0.0,0.0,0.0,0.0,33.652,97.76466666666666,183.79466666666667,265.12,377.7676666666666,548.475,757.8193333333334,0.0,0.567,1.6397499999999998,2.765,3.85725,5.609249999999999,8.20875,10.723333333333334,0.0,0.0,4.699666666666666,4.245258064516129,3.6961333333333335,4.043516129032258,4.9989,5.675774193548388,5.710142857142857,0.0,7.296,7.29428822,0.00023600365280199392,0.015362410383855586,5,train,7.2939380400000005,0.0002684687992130098,0.01638501752251153,5,train
MX15,15.248,1.372,2014,0.0,20.345,183.857,371.762,545.395,709.713,855.8199999999999,998.635,0.0,0.0,0.56,20.454,77.132,241.158,531.309,758.096,991.42,0.0,0.0,-10.26475,-84.04935483870969,-202.30943333333332,-260.8194193548387,-150.76546666666667,42.83500000000001,128.22661290322583,0.0,0.0,0.14,0.641741935483871,1.8892666666666664,5.291161290322581,9.6717,7.315709677419355,7.526580645161291,0.0,0.0,23125129.0,24632026.64516129,25112736.8,22694432.90322581,20453426.3,22175691.48387097,21881428.64516129,0.0,0.0,15.08625,15.27458064516129,16.2635,15.601064516129032,15.477266666666669,14.713129032258063,14.606935483870968,0.0,0.0,22.97275,23.143032258064515,23.737466666666663,22.10474193548387,20.83373333333333,20.44022580645161,20.269483870967743,0.0,0.0,7.7245,7.799064516129031,9.156466666666669,9.974387096774194,11.1612,10.433,10.209451612903226,0.0,0.0,0.0,0.0,0.0,0.0,0.0,0.0,0.0,0.0,0.0,0.0,0.0,0.0,0.0,0.0,0.0,0.0,0.0,0.0,0.0,0.0,0.0,0.0,0.0,0.0,0.0,0.0,0.0,46.07933333333333,114.18,192.8913333333333,310.25066666666663,476.6956666666667,667.1313333333334,0.0,0.303,1.0452499999999998,2.091,3.3165,5.3485,7.94125,10.638,0.0,0.0,5.76925,5.427516129032258,5.041066666666667,5.3104516129032255,6.1569666666666665,6.972354838709678,7.142548387096775,0.0,2.218,2.2439961,2.4344592364998263e-05,0.0049340239526169975,5,train,2.26269822,2.659331365200102e-05,0.005156870528915868,5,train
MX16,14.622,1.507,2014,0.0,93.166,381.36,714.463,1034.713,1330.629,1606.426,1819.766,0.0,0.0,0.427,5.711,24.301,149.837,380.373,595.021,769.442,0.0,0.0,-25.87409090909091,-127.7783870967742,-287.1844333333333,-397.05458064516125,-364.2556333333333,-224.2669032258065,-168.74652000000003,0.0,0.0,0.0388181818181818,0.1704516129032258,0.6196666666666667,4.049548387096774,7.684533333333333,6.924129032258064,6.976839999999999,0.0,0.0,22365642.363636363,24844679.032258064,25559175.8,22332643.29032258,20738446.03333333,22162184.19354839,21669534.16,0.0,0.0,18.469636363636365,19.29658064516129,21.10343333333333,20.330645161290324,19.863866666666663,18.89667741935484,18.5336,0.0,0.0,26.802818181818186,27.656,29.135366666666663,27.33593548387097,26.031366666666667,25.190838709677426,24.60948,0.0,0.0,10.94509090909091,11.380548387096775,13.354966666666666,14.56090322580645,15.3709,14.634387096774194,14.31836,0.0,0.0,0.0,0.0,0.0,0.0,0.0,0.0,0.0,0.0,0.0,0.0,0.0,0.0,0.0,0.0,0.0,0.0,0.0,0.0,0.0,0.0,0.0,0.0,0.0,0.0,0.0,0.0,35.457,106.26366666666668,203.91133333333332,294.327,418.532,599.344,811.5143333333334,0.0,0.6105,1.794,3.082666666666667,4.36625,6.4305,9.26,11.870333333333337,0.0,0.0,5.241454545454546,4.721967741935484,4.113033333333333,4.501516129032258,5.4663,6.221903225806451,6.6,0.0,4.485,4.5339928,0.00033260615698000635,0.018237493166003007,5,train,4.49291504,0.00011999059860800226,0.010954022028825863,5,train
MX17,13.863,1.454,2014,0.0,56.821,521.2479999999999,996.601,1428.538,1812.099,2218.836,2622.667,0.0,0.0,0.29,3.936,33.347,207.157,514.008,634.213,838.654,0.0,0.0,-12.3865,-105.78935483870968,-269.6151,-372.3235483870968,-242.1065,-141.36935483870968,-174.05832258064515,0.0,0.0,0.0725,0.1176129032258064,0.9803666666666666,5.606774193548387,10.228366666666666,3.87758064516129,6.594870967741936,0.0,0.0,22846171.0,24205334.70967742,25008788.933333334,22282391.096774194,20849148.7,23681218.64516129,23203413.870967746,0.0,0.0,24.20525,24.981516129032254,25.8451,23.933451612903227,22.78536666666667,23.12054838709677,23.026806451612902,0.0,0.0,31.29475,31.90987096774193,33.1066,30.34864516129032,27.990166666666667,28.882774193548386,28.43783870967742,0.0,0.0,17.082,17.333451612903225,18.418833333333332,18.47383870967742,18.457366666666665,17.97816129032258,18.01577419354839,0.0,0.0,0.0,0.0,0.0,0.0,0.0,0.0,0.0,0.0,0.0,0.0,2.0,0.0,0.0,0.0,0.0,0.0,0.0,0.0,0.0,0.0,0.0,0.0,0.0,0.0,0.0,0.0,0.0,52.516,125.48633333333332,202.33133333333333,314.18800000000005,471.3273333333333,664.3166666666667,0.0,0.313,1.07525,2.1146666666666665,3.2565,5.1685,7.726749999999999,10.48825,0.0,0.0,6.0585,5.571290322580645,5.033966666666667,5.663548387096774,7.646733333333333,8.401354838709677,8.023193548387097,0.0,3.29,3.3441661799999998,0.00015411543072199992,0.012414323611135644,5,train,3.3739697800000004,0.00012753309212200145,0.011293055039359432,5,train
MX18,13.732,1.443,2014,0.0,129.139,475.235,862.775,1315.767,1753.006,2189.216,2521.702,0.0,0.0,0.013,6.8020000000000005,10.041,69.883,355.397,565.332,831.232,0.0,0.0,-27.35225,-120.47170967741935,-280.2149,-433.07451612903225,-414.6002666666666,-271.6297096774194,-167.70876,0.0,0.0,0.0010833333333333,0.219,0.1079666666666666,1.9303870967741932,9.517133333333334,6.772096774193549,10.636,0.0,0.0,21961847.666666668,24450063.16129032,26887495.666666668,24900379.70967742,19549812.566666663,21991268.06451613,21218921.6,0.0,0.0,20.76158333333333,21.164387096774195,22.918,24.61264516129032,24.57463333333333,24.071290322580648,23.29944,0.0,0.0,29.276333333333337,29.489032258064515,31.49853333333333,32.17638709677419,30.1884,30.00048387096774,28.77552,0.0,0.0,13.988666666666669,14.45790322580645,15.724166666666669,18.51974193548387,20.633366666666667,20.28009677419355,20.10192,0.0,0.0,0.0,0.0,0.0,0.0,0.0,0.0,0.0,0.0,0.0,0.0,0.0,0.0,0.0,0.0,0.0,0.0,0.0,0.0,0.0,0.0,0.0,0.0,0.0,0.0,0.0,0.0,47.421,132.54100000000005,240.01200000000003,334.5776666666667,450.124,614.4013333333334,810.782,0.0,0.7885000000000001,2.23475,3.686,4.998,6.82125,9.44925,11.929666666666668,0.0,0.0,3.829916666666667,3.683677419354839,3.2098,3.4131612903225808,4.8877,5.301387096774193,5.6288800000000005,0.0,4.695,4.73648692,0.00016962138763699708,0.01302387759605399,5,train,4.70945102,6.430253055699457e-05,0.008018885867562562,5,train
MX19,12.117,1.486,2014,0.0,116.539,330.408,663.252,1028.952,1465.884,1918.936,2259.955,0.0,0.0,7.420999999999999,60.068,82.672,158.422,243.673,305.828,353.246,0.0,0.0,-31.34786666666667,-84.09322580645163,-209.9650333333333,-330.7286774193548,-448.68986666666666,-530.775193548387,-650.926347826087,0.0,0.0,0.4947333333333333,1.6982903225806452,0.7534666666666666,2.443548387096774,2.8417000000000003,2.005,2.061652173913044,0.0,0.0,18783741.33333333,19865946.580645163,23705284.7,23207508.612903222,23436655.8,24311091.80645161,23992152.260869566,0.0,0.0,17.769266666666667,16.899,21.094800000000003,21.796774193548387,24.5644,24.61458064516129,24.82691304347826,0.0,0.0,25.96053333333333,24.13022580645161,28.58673333333333,28.856,31.09173333333333,31.34867741935484,31.671565217391304,0.0,0.0,11.132533333333331,10.989225806451612,14.714733333333331,16.12732258064516,19.5685,19.38432258064516,19.670478260869565,0.0,0.0,0.0,0.0,0.0,0.0,0.0,0.0,0.0,0.0,0.0,0.0,0.0,0.0,0.0,1.0,0.0,0.0,0.0,0.0,0.0,0.0,0.0,0.0,0.0,0.0,0.0,0.0,37.949,115.96966666666668,231.30166666666665,339.42266666666666,448.7416666666666,565.2866666666667,688.2483333333333,0.0,0.644,1.97475,3.522,4.944,6.62125,8.34375,9.796,0.0,0.0,4.1914,4.24858064516129,3.7884666666666655,3.974032258064516,3.8216,4.018774193548387,3.7436086956521737,0.0,1.481,1.4935617799999998,2.1120851862000537e-05,0.004595742797633538,5,train,1.52063952,2.1904723176999854e-05,0.00468024819608959,5,train
MX20,13.078,1.416,2014,0.0,183.43,610.299,1068.65,1510.29,1942.875,2393.843,2569.792,0.0,0.0,8.318999999999999,46.518,92.71,278.377,511.367,688.055,743.191,0.0,0.0,-32.126714285714286,-108.53661290322582,-233.3838333333333,-277.07290322580644,-175.35026666666667,-78.62396774193547,-118.27591666666666,0.0,0.0,0.5942142857142857,1.232225806451613,1.5397333333333334,5.989258064516129,7.766333333333334,5.699612903225806,4.594666666666667,0.0,0.0,20775180.35714286,21559939.48387097,23668333.266666666,20472198.870967746,20011137.666666668,22071952.741935484,22955191.666666668,0.0,0.0,23.10214285714286,23.769967741935485,25.278366666666667,24.246451612903225,24.419500000000003,24.54735483870968,24.66241666666667,0.0,0.0,29.553785714285716,30.195032258064515,31.888033333333333,29.58003225806452,29.246133333333333,29.483774193548385,29.858833333333333,0.0,0.0,17.38807142857143,18.22616129032258,19.622400000000003,20.231806451612904,20.968433333333333,20.76306451612903,20.714916666666667,0.0,0.0,0.0,0.0,0.0,0.0,0.0,0.0,0.0,0.0,0.0,0.0,0.0,2.0,0.0,0.0,0.0,0.0,0.0,0.0,0.0,0.0,0.0,0.0,0.0,0.0,0.0,0.0,38.215,110.42433333333334,212.27133333333336,326.1513333333333,479.711,657.5373333333333,804.3389999999999,0.0,0.6924999999999999,2.02075,3.5046666666666666,5.13875,7.63775,10.383,12.044,0.0,0.0,6.534928571428572,6.321612903225806,5.893066666666667,6.369483870967742,7.396033333333333,7.364612903225806,7.0609166666666665,0.0,1.334,1.3719761199999998,4.413373628700086e-05,0.006643322684244749,5,train,1.39835968,5.244585289700005e-05,0.007241950904072745,5,train
MX21,14.354,1.463,2014,0.0,75.201,350.171,640.249,902.236,1151.85,1396.201,1606.588,0.0,0.0,2.71,24.708,67.505,274.434,522.446,637.908,710.561,0.0,0.0,-22.15155555555556,-112.19335483870968,-250.62653333333336,-298.19503225806454,-189.2994,-101.62890322580644,-170.09080000000003,0.0,0.0,0.3011111111111111,0.7096129032258065,1.4265666666666663,6.675129032258065,8.267066666666667,3.7245806451612906,2.90612,0.0,0.0,22756241.55555556,24116154.129032254,25026873.53333333,22490713.25806452,21060910.2,23599997.90322581,23543026.4,0.0,0.0,18.355666666666664,18.87,19.669266666666665,18.451193548387096,18.32046666666667,17.882290322580644,18.41548,0.0,0.0,25.840666666666667,26.27919354838709,27.240333333333336,24.860806451612905,23.80763333333333,24.062096774193545,24.803960000000004,0.0,0.0,10.796444444444443,11.186870967741935,12.264333333333331,13.033096774193549,13.740566666666666,12.668161290322582,13.0192,0.0,0.0,0.0,0.0,0.0,0.0,0.0,0.0,0.0,0.0,0.0,0.0,0.0,0.0,0.0,0.0,0.0,0.0,0.0,0.0,0.0,0.0,0.0,0.0,0.0,0.0,0.0,0.0,23.198,67.65566666666666,131.94833333333335,203.29233333333332,309.20366666666666,459.358,631.7336666666666,0.0,0.293,1.00725,1.9923333333333333,3.1085,4.885249999999999,7.2145,9.332666666666666,0.0,0.0,5.160888888888889,4.879967741935483,4.495666666666667,5.151129032258065,6.328266666666667,6.675096774193548,6.271559999999999,0.0,1.785,1.85673988,3.896797685200007e-05,0.006242433568088656,5,train,1.8948116,5.6132015124999124e-05,0.007492130212763198,5,train
MX22,14.798,1.473,2014,0.0,53.837,299.824,579.806,824.622,1080.681,1310.566,1549.628,0.0,0.0,1.832,14.818,49.231,137.388,362.833,484.396,582.49,0.0,0.0,-16.788714285714285,-112.31429032258065,-274.4662333333333,-366.4992258064517,-411.6553,-295.61035483870967,-342.0034838709677,0.0,0.0,0.2617142857142857,0.4189032258064516,1.1470999999999998,2.843774193548387,7.514833333333333,3.9213870967741937,3.164322580645161,0.0,0.0,22637102.57142857,24468909.48387097,26001789.133333333,23503001.580645163,21360884.666666668,23133762.80645161,23449368.51612903,0.0,0.0,17.691,17.93506451612903,19.332733333333334,17.897290322580645,18.5353,17.41564516129032,17.71167741935484,0.0,0.0,26.16371428571429,26.515806451612903,27.629066666666667,25.443193548387097,25.13443333333333,23.71090322580645,24.31509677419355,0.0,0.0,9.718,10.12616129032258,11.626766666666668,12.02141935483871,13.750566666666666,13.08258064516129,12.878354838709678,0.0,0.0,0.0,0.0,0.0,0.0,0.0,0.0,0.0,0.0,0.0,0.0,0.0,0.0,0.0,0.0,0.0,0.0,0.0,0.0,0.0,0.0,0.0,0.0,0.0,0.0,0.0,0.0,0.0,61.117333333333335,145.94866666666667,231.43533333333332,348.78000000000003,511.2070000000001,695.5006666666667,0.0,0.33,1.15925,2.267,3.50375,5.393,7.956749999999999,10.4995,0.0,0.0,6.057142857142857,5.757935483870968,5.331833333333334,5.575354838709678,6.0956,6.889903225806451,6.827935483870967,0.0,4.021,4.07010114,0.0008033705491629912,0.02834379207450886,5,train,4.0515132000000005,0.0006937581207000073,0.02633928853822759,5,train
MX24,12.983,1.469,2014,0.0,125.065,404.301,768.923,1143.912,1541.397,1934.232,2274.5,0.0,0.0,5.802,45.243,66.198,139.544,321.523,449.379,512.683,0.0,0.0,-28.962357142857144,-103.75570967741936,-236.34716666666665,-353.4172580645161,-407.652,-341.9931290322581,-421.7055,0.0,0.0,0.4144285714285714,1.2722903225806452,0.6984999999999999,2.366,6.065966666666666,4.124387096774194,2.434769230769231,0.0,0.0,19571809.42857143,21216617.64516129,24223048.566666663,22881752.612903222,22068657.23333333,23192158.16129032,24108333.769230768,0.0,0.0,18.93321428571429,19.007612903225805,22.154066666666665,22.096419354838712,23.2495,22.672096774193548,23.08723076923077,0.0,0.0,26.04271428571429,26.16703225806452,29.5154,28.552612903225807,28.815966666666668,27.920290322580644,28.760269230769232,0.0,0.0,12.718785714285714,13.059483870967744,15.680266666666666,16.864677419354837,19.229133333333333,18.69503225806452,18.67642307692308,0.0,0.0,0.0,0.0,0.0,0.0,0.0,0.0,0.0,0.0,0.0,0.0,0.0,1.0,0.0,0.0,0.0,0.0,0.0,0.0,0.0,0.0,0.0,0.0,0.0,0.0,0.0,0.0,37.332,110.99566666666668,216.46366666666663,316.71733333333333,429.477,565.631,714.8113333333334,0.0,0.657,1.986,3.4923333333333333,4.9105,6.69425,8.67675,10.588666666666668,0.0,0.0,4.723571428571428,4.654806451612903,4.1437333333333335,4.404,4.8503,5.1211935483870965,4.736307692307692,0.0,1.3569999999999998,1.34945396,0.00011461112109299939,0.010705658368031336,5,train,1.37355306,6.070081156300075e-05,0.007791072555367505,5,train
MX25,14.331,1.562,2014,0.0,141.81900000000002,518.502,943.08,1480.58,2081.363,2658.302,3056.609,0.0,0.0,0.056,8.95,9.074,9.883,66.297,269.617,427.673,0.0,0.0,-28.293666666666667,-122.05732258064516,-287.37576666666666,-478.2814193548387,-660.2919999999999,-644.1997419354839,-616.1965909090909,0.0,0.0,0.0046666666666666,0.2869032258064516,0.0041333333333333,0.0260967741935483,1.8804666666666667,6.558709677419355,7.184363636363636,0.0,0.0,20447172.166666668,23249497.64516129,26726107.2,27250705.48387097,23916266.066666663,20145976.70967742,19297434.318181816,0.0,0.0,21.818250000000003,22.151064516129036,24.1526,27.33870967741936,30.0261,28.610935483870968,28.104863636363635,0.0,0.0,30.9415,30.27861290322581,32.40376666666667,34.79109677419355,35.59983333333333,33.44841935483871,32.61659090909091,0.0,0.0,14.315666666666669,15.169290322580643,16.751766666666665,20.06725806451613,24.9083,24.687129032258067,24.64968181818182,0.0,0.0,0.0,0.0,0.0,0.0,0.0,0.0,0.0,0.0,0.0,0.0,0.0,2.0,15.0,23.0,4.0,0.0,0.0,0.0,0.0,0.0,0.0,0.0,0.0,0.0,0.0,0.0,61.227,179.93200000000002,338.83733333333333,461.68966666666665,553.3563333333333,643.5,751.4780000000001,0.0,0.8574999999999999,2.564,4.411333333333333,5.8615,7.157,8.587,10.166333333333334,0.0,0.0,3.048583333333333,3.0413548387096774,2.379633333333333,2.073322580645161,2.9702,4.781290322580645,4.935818181818181,0.0,9.208,9.0138037,0.0008601002984500169,0.02932746662175267,5,train,9.0009564,0.00041654319230000666,0.020409389807145305,5,train
MX26,13.998,1.527,2014,0.0,110.728,435.559,823.875,1337.461,1966.61,2551.36,2943.79,0.0,0.0,0.03,7.313,7.576,7.829999999999999,15.188999999999998,163.794,268.771,0.0,0.0,-24.021,-112.0428387096774,-278.8654,-480.3251290322581,-696.0759999999999,-775.9446774193549,-815.8453333333333,0.0,0.0,0.0027272727272727,0.2349354838709677,0.0087666666666666,0.0081935483870967,0.2453,4.793709677419354,4.998904761904762,0.0,0.0,19816468.0,22566856.51612903,26387252.33333333,28774852.580645163,27275304.066666663,21195120.032258064,20730785.04761905,0.0,0.0,20.066181818181818,20.47841935483871,22.94386666666667,26.567290322580646,30.971633333333333,28.86290322580645,28.687142857142856,0.0,0.0,28.583727272727277,28.47203225806452,31.06973333333333,34.72854838709677,37.43733333333333,34.12732258064516,33.76861904761905,0.0,0.0,12.46709090909091,13.340548387096774,15.043933333333332,18.25758064516129,24.6839,24.62132258064516,24.871952380952383,0.0,0.0,0.0,0.0,0.0,0.0,0.0,0.0,0.0,0.0,0.0,0.0,0.0,2.0,14.0,30.0,10.0,4.0,0.0,0.0,0.0,0.0,0.0,0.0,0.0,0.0,0.0,0.0,62.073,180.574,320.1813333333333,406.1586666666667,472.3423333333333,557.403,681.183,0.0,0.8619999999999999,2.5315,3.9756666666666662,4.954,5.95475,7.263249999999999,8.835333333333333,0.0,0.0,2.0681818181818183,2.1229354838709678,1.4599666666666666,1.2129032258064516,1.5847,3.8062903225806455,3.983476190476191,0.0,4.475,4.6579203,0.00033921882995000235,0.018417894286535647,5,train,4.54867244,0.0005523730952430062,0.023502618901794885,5,train
MX27,13.379,1.407,2014,21.916,424.998,953.003,1518.332,2047.84,2567.062,2867.454,0.0,0.0,2.736,31.101,63.841,130.154,372.126,613.608,673.209,0.0,0.0,-1.5035,-38.35432142857143,-148.08438709677418,-297.3174,-315.74177419354834,-118.0163,-164.9135294117647,0.0,0.0,1.368,1.0130357142857145,1.0561290322580643,2.210433333333333,7.805548387096774,8.0494,3.5059411764705883,0.0,0.0,10780541.0,17750975.82142857,20966782.80645161,23125592.0,19325958.177419357,19093172.466666665,21909689.88235294,0.0,0.0,20.958,24.395785714285715,27.03241935483871,28.8443,27.08090322580645,27.3074,27.670117647058824,0.0,0.0,24.89,29.35967857142857,32.989838709677414,34.95143333333333,31.82864516129032,31.948566666666668,32.72147058823529,0.0,0.0,18.804,20.56464285714286,22.094774193548385,23.61133333333333,23.766129032258064,24.290366666666667,24.03964705882353,0.0,0.0,0.0,0.0,0.0,0.0,0.0,0.0,0.0,0.0,0.0,0.0,0.0,5.0,16.0,3.0,0.0,0.0,0.0,0.0,0.0,0.0,0.0,0.0,0.0,0.0,0.0,0.0,0.0,110.35200000000002,278.0986666666667,442.548,611.1469999999999,787.34,935.52,0.0,0.0,1.842,4.67525,6.987666666666667,9.41325,12.37925,14.591,0.0,0.0,7.927,7.613678571428571,6.802548387096774,5.7502,6.146741935483871,6.998166666666666,6.4448823529411765,0.0,0.0,1.5200000000000002,1.51518804,3.2397509027999895e-05,0.005691880974510965,5,train,1.54115992,4.7113419907000224e-05,0.006863921612824568,5,train
MX28,14.207,1.556,2014,0.0,143.88,454.216,885.468,1357.033,1892.363,2449.419,2961.22,0.0,0.0,14.159,61.244,73.995,148.79,283.213,378.789,423.476,0.0,0.0,-24.216153846153848,-68.48,-190.6887,-315.52338709677423,-409.7346,-419.8266451612904,-552.2469259259259,0.0,0.0,1.089153846153846,1.5188709677419354,0.4250333333333333,2.412741935483871,4.480766666666667,3.083096774193548,1.655074074074074,0.0,0.0,16625985.153846154,17511503.467741936,21813125.966666665,22106703.032258064,22208700.3,23781610.29032258,23868335.33333333,0.0,0.0,21.067692307692308,20.01022580645161,24.375066666666665,25.21177419354839,27.84433333333333,27.969548387096776,28.955592592592595,0.0,0.0,27.18130769230769,26.07325806451613,30.74093333333333,30.894193548387097,32.91283333333333,33.1478064516129,34.70540740740741,0.0,0.0,16.34776923076923,15.434032258064516,19.42513333333333,20.80390322580645,24.1885,23.971516129032256,24.47203703703704,0.0,0.0,0.0,0.0,0.0,0.0,0.0,0.0,0.0,0.0,0.0,0.0,0.0,4.0,0.0,4.0,3.0,13.0,0.0,0.0,0.0,0.0,0.0,0.0,0.0,0.0,0.0,0.0,38.65,120.10166666666667,255.70933333333332,400.2486666666667,539.3813333333334,665.9016666666666,787.1260000000001,0.0,0.7035,2.2525,4.184666666666668,6.1175,8.284,10.345,12.044333333333334,0.0,0.0,4.7453076923076924,4.818516129032258,4.1382666666666665,4.398967741935484,4.4947,4.733064516129032,4.217148148148148,0.0,3.513,3.4702033200000004,8.652301556199841e-05,0.009301774860853084,5,train,3.4878286199999997,8.053687413199914e-05,0.008974233902233612,5,train
MX29,14.565,1.42,2014,0.0,39.619,196.019,371.568,529.47,689.0020000000001,824.022,943.718,0.0,0.0,4.536,44.183,91.15,287.715,508.87,662.89,760.7669999999999,0.0,0.0,-16.535,-88.0705806451613,-198.4994,-222.69429032258063,-150.26673333333335,-29.285096774193548,-55.61411538461538,0.0,0.0,0.567,1.2789354838709677,1.5655666666666666,6.340806451612903,7.371833333333333,4.968387096774194,3.7645,0.0,0.0,22293470.75,23902001.29032258,24715680.066666663,22674951.612903222,20835191.83333333,23026201.612903222,23472813.384615384,0.0,0.0,14.952375,15.04516129032258,15.851633333333334,15.093612903225806,15.317733333333331,14.355483870967742,14.60369230769231,0.0,0.0,22.836,22.931483870967742,23.58943333333333,21.865387096774192,21.119433333333333,20.66954838709677,21.088538461538462,0.0,0.0,7.777375,7.743451612903225,8.750133333333334,9.468741935483871,10.665533333333334,9.22474193548387,9.492653846153846,0.0,0.0,0.0,0.0,0.0,0.0,0.0,0.0,0.0,0.0,0.0,0.0,0.0,0.0,0.0,0.0,0.0,0.0,0.0,0.0,0.0,0.0,0.0,0.0,0.0,0.0,0.0,0.0,19.862,58.61766666666666,116.235,180.63,278.439,425.6586666666667,599.915,0.0,0.274,0.93575,1.852666666666667,2.8992500000000003,4.606,6.9045000000000005,9.006333333333332,0.0,0.0,5.140875,4.930354838709678,4.625233333333333,5.110806451612904,5.844399999999999,6.343838709677419,6.173923076923076,0.0,1.933,1.9958451,0.00011725121112500022,0.010828259838265806,5,train,2.01976442,8.03434228470032e-05,0.008963449271737036,5,train
MX30,13.799,1.425,2014,0.0,254.745,677.32,1160.61,1635.944,2124.119,2616.753,2714.955,0.0,0.0,16.874000000000002,65.57,121.393,299.656,557.197,796.318,821.322,0.0,0.0,-31.404333333333334,-100.37409677419356,-203.903,-232.79835483870968,-135.14213333333333,25.92006451612903,8.682,0.0,0.0,0.8035238095238096,1.5708387096774192,1.860766666666667,5.7504193548387095,8.5847,7.713580645161291,4.167333333333333,0.0,0.0,17440505.95238095,18758278.580645163,22374400.266666666,20084096.70967742,19747758.5,20929298.177419357,23589611.0,0.0,0.0,22.130714285714287,23.631451612903227,26.109666666666666,25.33335483870968,26.2725,25.89141935483871,26.367,0.0,0.0,27.86,29.523451612903227,32.65056666666667,30.54,30.950566666666663,30.31996774193548,31.101,0.0,0.0,17.601476190476188,19.16967741935484,20.94333333333333,21.61454838709677,23.00553333333333,22.49803225806452,22.5055,0.0,0.0,0.0,0.0,0.0,0.0,0.0,0.0,0.0,0.0,0.0,0.0,2.0,8.0,0.0,0.0,0.0,0.0,0.0,0.0,0.0,0.0,0.0,0.0,0.0,0.0,0.0,0.0,61.043000000000006,156.00933333333333,265.138,383.1763333333333,533.8533333333334,711.7643333333334,834.361,0.0,1.0563333333333331,2.818,4.597,6.44025,9.0225,11.96275,13.762,0.0,0.0,7.039857142857143,6.818677419354838,6.256066666666666,6.603096774193548,7.3363,7.545419354838709,7.084499999999999,0.0,2.289,2.23057834,0.00016882847607799947,0.012993401251327516,5,train,2.26806682,0.00013219332622700037,0.011497535658870572,5,train
MX31,14.116,1.364,2014,0.0,0.0,416.336,912.165,1429.683,1940.53,2484.266,3025.802,3093.711,0.0,0.0,24.839,44.133,129.53300000000002,237.999,294.52,367.993,383.807,0.0,0.0,-48.56907407407408,-185.75466666666668,-309.12235483870967,-323.5274,-433.15516129032255,-531.5230322580645,-563.60875,0.0,0.0,0.9199629629629632,0.6431333333333333,2.7548387096774194,3.615533333333333,1.8232580645161287,2.370096774193548,3.9535,0.0,0.0,19766612.85185185,22521688.766666666,20909330.29032258,20547775.9,22970273.22580645,21930011.967741936,18816519.75,0.0,0.0,25.419851851851853,26.52763333333333,26.694129032258065,27.028233333333333,27.539870967741937,27.468903225806454,26.97725,0.0,0.0,31.598074074074077,32.988033333333334,32.163612903225804,32.01943333333333,33.3261935483871,33.075,32.04675,0.0,0.0,20.60985185185185,21.50636666666667,22.811774193548384,23.663166666666665,23.36861290322581,23.512096774193548,23.8185,0.0,0.0,0.0,0.0,0.0,0.0,0.0,0.0,0.0,0.0,0.0,0.0,2.0,0.0,0.0,0.0,0.0,0.0,0.0,0.0,0.0,0.0,0.0,0.0,0.0,0.0,0.0,0.0,93.549,234.22733333333332,400.2673333333334,589.8686666666666,798.9816666666667,1015.2996666666668,1163.125,0.0,1.74325,3.91,6.11025,9.095,12.23125,15.44225,0.0,0.0,0.0,4.996444444444444,4.523833333333333,4.813225806451613,5.247833333333333,4.597161290322581,4.858451612903226,5.431,1.095,1.0915696000000001,3.6715058720000105e-05,0.006059295232945834,5,train,1.11748964,4.7426513243000586e-05,0.0068866910227627165,5,train
MX32,13.261,1.5,2014,0.0,81.839,289.382,568.808,883.952,1195.676,1477.638,1640.819,0.0,0.0,0.062,6.58,9.76,53.539,200.201,323.409,391.995,0.0,0.0,-30.941230769230767,-139.7973870967742,-315.3345,-483.9933225806452,-568.0850666666666,-545.3525161290322,-590.3995555555556,0.0,0.0,0.0047692307692307,0.210258064516129,0.106,1.4122258064516129,4.888733333333334,3.9744516129032257,3.810333333333333,0.0,0.0,22490372.46153846,24969438.0,26981948.466666665,25154382.83870968,23594303.566666663,24548652.90322581,23839144.0,0.0,0.0,16.29530769230769,16.694935483870967,19.314200000000003,20.165935483870967,20.3908,19.095548387096773,19.06561111111111,0.0,0.0,24.13123076923077,24.673967741935485,27.101,27.409903225806453,26.896400000000003,25.338870967741936,25.42238888888889,0.0,0.0,8.667692307692308,9.22841935483871,11.4251,13.368935483870969,14.882866666666668,14.046193548387098,14.059888888888889,0.0,0.0,0.0,0.0,0.0,0.0,0.0,0.0,0.0,0.0,0.0,0.0,0.0,0.0,0.0,0.0,0.0,0.0,0.0,0.0,0.0,0.0,0.0,0.0,0.0,0.0,0.0,0.0,24.163,72.414,142.26466666666667,211.1003333333333,302.0653333333333,438.65,573.6075,0.0,0.4559999999999999,1.347,2.326,3.28275,4.64025,6.635,8.265,0.0,0.0,3.909692307692308,3.638774193548387,3.2014666666666667,3.2961290322580648,3.9893,4.481064516129033,4.228555555555555,0.0,2.686,2.6469788999999997,4.438120826500093e-05,0.00666192226500737,5,train,2.6871307399999997,6.039500839300249e-05,0.007771422546291155,5,train
MX01,13.644,1.583,2017,0.0,71.138,306.896,598.895,996.615,1371.976,1656.611,1857.214,0.0,0.0,0.5900000000000001,16.989,19.201,31.274,91.084,285.481,335.831,0.0,0.0,-34.658692307692306,-130.0799677419355,-304.03606666666667,-502.421,-679.5817000000001,-684.468064516129,-710.4827894736842,0.0,0.0,0.0453846153846153,0.529,0.0737333333333333,0.3894516129032258,1.9936666666666665,6.270870967741935,2.65,0.0,0.0,23411700.46153846,24152724.06451613,27770238.73333333,28277031.93548387,26007536.866666667,24245747.64516129,24577682.36842105,0.0,0.0,15.472153846153846,17.605096774193548,19.7333,22.82967741935484,22.51203333333333,19.181774193548385,20.55805263157895,0.0,0.0,23.502,25.524129032258067,27.79893333333333,30.61035483870968,29.5177,25.23554838709677,27.077105263157897,0.0,0.0,7.731230769230769,9.819903225806453,11.1566,14.00932258064516,15.6199,14.541419354838707,15.030947368421051,0.0,0.0,0.0,0.0,0.0,0.0,0.0,0.0,0.0,0.0,0.0,0.0,0.0,0.0,0.0,0.0,0.0,0.0,0.0,0.0,0.0,0.0,0.0,0.0,0.0,0.0,0.0,0.0,24.743,72.24266666666666,137.96766666666667,200.379,270.1443333333333,370.98766666666666,490.746,0.0,0.3995,1.181,2.044,2.9045,3.94725,5.41025,6.995,0.0,0.0,3.8472307692307695,3.796225806451613,3.1734,2.9821935483870967,3.3219333333333334,5.081451612903226,4.573105263157895,0.0,2.986,3.00167722,4.4939830861999486e-05,0.006703717689610705,5,train,3.0253418400000003,3.119940568299941e-05,0.005585642817348726,5,train
MX03,11.358,1.473,2017,0.0,0.0,269.385,596.5840000000001,918.156,1297.363,1836.397,2323.189,0.0,0.0,0.0,0.005,0.117,0.196,0.593,9.118,23.678,0.0,0.0,0.0,-71.26096296296296,-235.59816666666663,-420.6082258064516,-606.5294666666666,-811.3199354838711,-998.1502307692308,0.0,0.0,0.0,0.0001851851851851,0.0037333333333333,0.0025483870967741,0.0132333333333333,0.275,0.5599999999999999,0.0,0.0,0.0,24749088.666666668,27625156.666666668,28836872.70967742,28309454.933333334,26626956.19354839,25306157.0,0.0,0.0,0.0,19.97722222222222,20.90663333333333,20.373290322580644,22.64023333333333,27.388193548387097,28.72276923076923,0.0,0.0,0.0,27.910370370370373,28.92393333333333,27.073741935483877,29.4376,34.21529032258064,35.53638461538462,0.0,0.0,0.0,14.056814814814814,14.769966666666669,15.113741935483873,17.942333333333334,22.61329032258065,24.080384615384617,0.0,0.0,0.0,0.0,0.0,0.0,0.0,0.0,0.0,0.0,0.0,0.0,0.0,0.0,0.0,0.0,7.0,18.0,0.0,0.0,0.0,0.0,0.0,0.0,0.0,0.0,0.0,0.0,0.0,42.0065,108.30833333333334,182.7213333333333,254.821,320.36833333333334,379.7916666666667,0.0,0.0,0.55825,1.2906666666666666,1.979,2.74875,3.48375,4.1000000000000005,0.0,0.0,0.0,2.6165925925925926,2.1463666666666668,1.968193548387097,1.7277,1.829741935483871,2.200269230769231,0.0,7.387,7.2455839,6.636118705000317e-05,0.008146237600880738,5,train,7.22530392,4.216176849700021e-05,0.0064932094142265435,5,train
MX06,13.658,1.435,2017,0.0,140.129,570.602,980.63,1443.751,1891.498,2328.528,2544.0,0.0,0.0,10.269,16.302,16.964,23.267,321.501,617.621,831.182,0.0,0.0,-19.532833333333333,-122.93467741935484,-292.0294666666667,-470.7996451612904,-524.3273666666666,-302.40729032258065,-157.7302666666667,0.0,0.0,0.85575,0.1946129032258064,0.0220666666666666,0.2033225806451613,9.941133333333331,9.55225806451613,14.2374,0.0,0.0,22084981.75,23286995.54838709,26854340.6,27115765.612903222,20124988.633333333,20851023.35483871,20701678.53333333,0.0,0.0,21.67741666666667,23.886225806451613,23.6676,24.939387096774198,24.9249,24.09774193548387,24.3648,0.0,0.0,29.643583333333336,31.78374193548387,31.9875,32.366129032258065,30.484033333333336,29.70716129032258,29.5638,0.0,0.0,16.270500000000002,18.10567741935484,17.5007,19.229612903225807,21.0914,20.74554838709677,21.00593333333333,0.0,0.0,0.0,0.0,0.0,0.0,0.0,0.0,0.0,0.0,0.0,0.0,0.0,0.0,0.0,0.0,0.0,0.0,0.0,0.0,0.0,0.0,0.0,0.0,0.0,0.0,0.0,0.0,36.107,103.96166666666666,197.437,285.478,385.22333333333336,530.1486666666666,688.408,0.0,0.643,1.85625,3.1666666666666665,4.4345,6.01225,8.42525,10.673,0.0,0.0,4.9845,4.691516129032259,4.299766666666667,4.244387096774194,5.387733333333333,6.267,6.619933333333334,0.0,3.417,3.4279254800000003,4.8697905122003204e-05,0.006978388433012539,5,train,3.43958324,8.229182690800084e-05,0.00907148427259844,5,train
MX07,13.185,1.464,2017,0.0,212.0,661.999,1144.437,1638.627,2066.373,2512.312,2585.648,0.0,0.0,2.411,14.664,37.358,193.796,542.693,705.7860000000001,737.184,0.0,0.0,-35.87146666666667,-145.33483870967743,-299.24083333333334,-389.229935483871,-236.5944333333333,-119.4532580645161,-95.9238,0.0,0.0,0.1607333333333333,0.395258064516129,0.7564666666666666,5.046387096774193,11.6299,5.261064516129032,6.2796,0.0,0.0,21236529.466666665,22453524.580645163,24337844.6,21101369.29032258,18178242.566666663,21269710.06451613,21233718.8,0.0,0.0,24.133333333333333,24.51609677419355,26.081266666666668,25.94161290322581,24.2582,24.385129032258064,24.6672,0.0,0.0,31.2778,31.441000000000003,32.84046666666667,31.644129032258064,28.769566666666663,29.096419354838712,29.3976,0.0,0.0,18.305333333333333,19.07035483870968,20.43903333333333,21.618451612903225,21.345433333333336,20.923290322580645,20.9184,0.0,0.0,0.0,0.0,0.0,0.0,0.0,0.0,0.0,0.0,0.0,0.0,0.0,1.0,0.0,0.0,0.0,0.0,0.0,0.0,0.0,0.0,0.0,0.0,0.0,0.0,0.0,0.0,40.467,118.209,228.67433333333332,345.1983333333333,494.5613333333333,676.078,807.981,0.0,0.692,1.98425,3.465,5.12925,7.7835,10.723,12.61,0.0,0.0,4.547066666666667,4.459935483870968,4.286266666666666,4.881774193548387,6.282033333333334,6.100193548387097,6.207800000000001,0.0,3.166,3.1139534400000004,6.206052251300205e-05,0.00787785011998845,5,train,3.14230062,0.00012448894574199678,0.011157461438069002,5,train
MX08,12.3,1.457,2017,0.0,27.185,160.087,365.378,657.808,1081.25,1411.485,1545.666,0.0,0.0,8.89,15.099,21.032,30.463,46.582,215.2,281.666,0.0,0.0,-28.48884210526316,-129.1326129032258,-295.21486666666664,-494.492935483871,-685.3552666666667,-797.5537096774194,-758.9366153846154,0.0,0.0,0.4678947368421053,0.2002903225806451,0.1977666666666666,0.3042258064516129,0.5373,5.439290322580645,5.112769230769231,0.0,0.0,19410320.315789472,23702869.22580645,27797665.933333334,29458409.35483871,27708655.73333333,23098724.90322581,22535256.0,0.0,0.0,10.141052631578948,14.28648387096774,16.837833333333332,19.43322580645161,24.114733333333334,20.65274193548387,20.321615384615384,0.0,0.0,17.62521052631579,22.29948387096774,24.802666666666667,27.258935483870967,31.0168,26.529774193548388,25.56823076923077,0.0,0.0,3.5748421052631576,6.193838709677419,8.506666666666666,10.726677419354838,15.769333333333332,15.744677419354838,15.889384615384616,0.0,0.0,0.0,0.0,0.0,0.0,0.0,0.0,0.0,0.0,0.0,0.0,0.0,0.0,0.0,0.0,0.0,0.0,0.0,0.0,0.0,0.0,0.0,0.0,0.0,0.0,0.0,0.0,25.5925,68.973,123.07766666666669,181.2446666666667,262.5156666666667,397.06733333333335,550.6555000000001,0.0,0.442,1.223,2.0126666666666666,2.82125,3.965,5.68025,7.4305,0.0,0.0,3.3181052631578947,2.88741935483871,2.3016333333333336,2.083741935483871,2.2298666666666667,3.741548387096774,4.347615384615384,0.0,9.456,9.305530000000001,0.0020937008524999933,0.045756975998201554,5,train,9.2921471,0.001952457049799984,0.04418661618408887,5,train
MX09,14.612,1.478,2017,0.0,7.635000000000002,190.483,418.261,699.088,956.255,1151.302,1370.084,1395.64,0.0,0.0,29.677,56.067,123.987,308.921,676.947,974.895,1032.43,0.0,-4.596,-55.7846129032258,-188.67316666666665,-302.9763225806452,-351.6119,-157.51483870967743,3.683483870967744,142.82775,0.0,0.0,0.9573225806451612,0.8796666666666667,2.190967741935484,6.164466666666667,11.871806451612905,9.611225806451612,14.38375,0.0,24523752.0,23462199.80645161,25791299.466666665,24202977.06451613,23430778.666666668,21665523.612903222,21515345.35483871,15679961.5,0.0,17.635,15.898322580645162,17.5926,19.058935483870968,18.572233333333333,16.29183870967742,17.057483870967744,16.389,0.0,25.62,23.53116129032258,24.961133333333333,26.11583870967742,24.9202,21.712451612903227,22.162258064516127,20.17875,0.0,7.965,8.815354838709677,9.935066666666668,12.529193548387097,12.911566666666666,12.345225806451612,12.84725806451613,13.48925,0.0,0.0,0.0,0.0,0.0,0.0,0.0,0.0,0.0,0.0,0.0,0.0,0.0,0.0,0.0,0.0,0.0,0.0,0.0,0.0,0.0,0.0,0.0,0.0,0.0,0.0,0.0,0.0,35.147,90.117,155.74633333333335,249.82666666666668,382.462,539.6266666666667,646.881,0.0,0.704,1.7083333333333333,2.83175,4.316666666666666,5.9510000000000005,7.723,0.0,0.0,6.194,6.20058064516129,5.815066666666667,5.856774193548387,6.341466666666666,7.45858064516129,8.143225806451612,8.37025,2.48,2.45403502,7.208573736999895e-06,0.0026848787192347992,5,train,2.47075802,7.520191027000134e-06,0.0027422966701289146,5,train
MX10,14.562,1.551,2017,0.0,34.543,216.695,478.981,828.448,1239.515,1547.36,1711.399,0.0,0.0,12.32,43.355,47.449,53.519,64.798,225.805,318.749,0.0,0.0,-21.35828571428572,-97.38741935483873,-268.1854333333333,-471.1490322580645,-667.2882333333333,-768.4559999999999,-742.4491875,0.0,0.0,0.88,1.0011290322580644,0.1364666666666666,0.1958064516129032,0.3759666666666666,5.193774193548387,5.809,0.0,0.0,22070069.214285716,24436547.16129032,27806983.466666665,28614622.90322581,27460520.933333334,23347535.612903222,23471047.5,0.0,0.0,12.306071428571428,15.875870967741935,18.742866666666664,21.273129032258066,23.70223333333333,19.93048387096774,20.2524375,0.0,0.0,21.22107142857143,24.57896774193548,27.455233333333336,29.881096774193548,30.643833333333337,25.873483870967743,25.962875,0.0,0.0,5.298,7.963451612903225,10.1423,12.631483870967743,15.902766666666666,15.158387096774195,15.38375,0.0,0.0,0.0,0.0,0.0,0.0,0.0,0.0,0.0,0.0,0.0,0.0,0.0,0.0,0.0,0.0,0.0,0.0,0.0,0.0,0.0,0.0,0.0,0.0,0.0,0.0,0.0,0.0,21.501,65.84833333333334,134.96766666666667,203.294,271.57866666666666,365.95133333333337,488.6285,0.0,0.4075,1.2305,2.1913333333333336,3.1340000000000003,4.220750000000001,5.5885,7.186,0.0,0.0,3.678857142857143,3.739516129032258,2.8740666666666663,2.5720967741935485,2.619166666666666,4.1172258064516125,4.479,0.0,3.669,3.6813669599999996,4.1403991162999186e-05,0.006434593317607507,5,train,3.6689414,4.6057054174999396e-05,0.006786534769306012,5,train
MX11,14.064,1.574,2017,0.0,73.718,333.727,654.403,1063.897,1415.814,1690.806,1947.646,0.0,0.0,0.238,22.951,27.362,49.49,178.405,386.299,494.072,0.0,0.0,-24.8728,-110.68622580645162,-271.1084666666667,-447.9756451612904,-573.0182333333333,-512.6667096774194,-497.3473076923077,0.0,0.0,0.0237999999999999,0.7326774193548388,0.1470333333333333,0.7138064516129032,4.297166666666667,6.706258064516129,4.1451153846153845,0.0,0.0,23280183.2,24061421.16129032,27060822.266666666,26891301.35483871,24630848.866666667,22690442.387096774,23551781.346153848,0.0,0.0,17.3718,18.387387096774194,20.689200000000003,23.20948387096774,21.730566666666668,18.870709677419352,19.87846153846154,0.0,0.0,26.1782,26.84635483870968,29.116633333333333,31.36506451612903,29.0888,25.229612903225807,26.080115384615382,0.0,0.0,9.1662,10.785290322580645,12.263166666666669,15.024354838709677,15.3106,14.46674193548387,14.71623076923077,0.0,0.0,0.0,0.0,0.0,0.0,0.0,0.0,0.0,0.0,0.0,0.0,0.0,0.0,0.0,0.0,0.0,0.0,0.0,0.0,0.0,0.0,0.0,0.0,0.0,0.0,0.0,0.0,42.614,127.73066666666666,236.906,320.27833333333336,417.045,569.1936666666667,768.8606666666666,0.0,0.413,1.45325,2.7133333333333334,3.7805,5.233499999999999,7.5355,10.004,0.0,0.0,5.5444,5.285774193548387,4.4816,4.103032258064516,4.500933333333333,6.173677419354839,6.669576923076923,0.0,5.299,5.26761226,0.00019699209122799835,0.0140353871064534,5,train,5.22104532,0.0002579213324470016,0.016059929403549743,5,train
MX12,13.381,1.455,2017,0.0,132.472,631.942,1139.303,1682.982,2139.493,2574.013,2916.706,0.0,0.0,0.009,5.715,11.7,93.088,339.892,578.743,792.052,0.0,0.0,-24.670666666666666,-126.59877419354838,-299.7873333333334,-457.30980645161287,-443.9712333333334,-293.5617741935484,-211.054,0.0,0.0,0.001,0.1840645161290322,0.1994999999999999,2.62541935483871,8.2268,7.704870967741935,8.887875,0.0,0.0,23503716.0,24245082.451612905,26714789.0,24340668.48387097,21282396.133333333,21860846.0,21651467.291666668,0.0,0.0,24.71911111111111,26.11193548387097,26.912033333333333,27.538032258064515,25.217033333333333,24.016774193548382,24.278875,0.0,0.0,32.43977777777778,33.632,34.5311,34.16316129032258,30.465433333333333,28.887870967741936,28.62216666666667,0.0,0.0,17.680111111111113,19.182741935483868,19.9359,21.590935483870968,20.981966666666665,20.371225806451616,20.483208333333334,0.0,0.0,0.0,0.0,0.0,0.0,0.0,0.0,0.0,0.0,0.0,0.0,1.0,7.0,9.0,0.0,0.0,0.0,0.0,0.0,0.0,0.0,0.0,0.0,0.0,0.0,0.0,0.0,31.574,91.78033333333332,176.854,266.9593333333333,399.70433333333335,585.5043333333334,800.476,0.0,0.341,1.187,2.333333333333333,3.4705,5.50375,8.43525,11.118666666666668,0.0,0.0,5.007444444444444,4.7184838709677415,4.2953,4.765677419354838,6.756366666666667,7.742870967741935,8.363708333333333,0.0,2.31,2.28828706,1.6549423257999345e-05,0.0040680982360311,5,train,2.3496285400000003,3.6627269828001184e-05,0.006052046747010566,5,train
MX13,14.796,1.464,2017,0.0,23.877,180.523,395.598,679.742,925.028,1121.014,1347.356,1371.39,0.0,0.0289999999999999,54.172,80.413,143.18,258.984,404.136,517.071,542.533,0.0,-11.253,-51.41332258064516,-171.7458,-291.623,-384.5189333333333,-342.18761290322584,-365.34225806451616,-363.135,0.0,0.0072499999999999,1.7465483870967742,0.8747,2.024741935483871,3.860133333333333,4.6823225806451605,3.643064516129032,6.365500000000001,0.0,24239165.0,22948207.16129032,26398432.066666663,24788997.70967742,24237768.33333333,22068914.35483871,21853488.967741936,14848156.25,0.0,15.96925,15.053096774193548,17.16916666666667,19.165935483870967,18.1762,16.322129032258065,17.301354838709678,16.008499999999998,0.0,25.11325,23.10045161290323,25.646366666666665,26.528645161290324,24.9371,21.97090322580645,23.008451612903222,19.9625,0.0,7.7475,8.864870967741934,10.008033333333334,12.819,12.798233333333334,12.415903225806453,12.842612903225806,13.0815,0.0,0.0,0.0,0.0,0.0,0.0,0.0,0.0,0.0,0.0,0.0,0.0,0.0,0.0,0.0,0.0,0.0,0.0,0.0,0.0,0.0,0.0,0.0,0.0,0.0,0.0,0.0,0.0,64.855,159.98466666666667,263.4413333333333,388.6483333333333,541.901,715.2580000000002,830.978,0.355,1.28075,2.5216666666666665,3.9235,5.77375,8.0425,10.614,0.0,0.0,4.34175,4.5523870967741935,4.032766666666666,4.186129032258065,4.392433333333333,5.127709677419355,5.127838709677419,5.687749999999999,2.801,2.8535971,0.00020049058215499912,0.014159469698932906,5,train,2.8677578400000003,0.0001976452573729989,0.01405863639806503,5,train
MX14,14.163,1.49,2017,0.0,88.308,377.631,710.46,1127.139,1509.919,1816.018,2042.69,0.0,0.0,1.792,15.795,16.624,28.819000000000003,126.315,365.016,470.566,0.0,0.0,-27.71283333333333,-120.41067741935484,-289.34396666666663,-480.3722580645161,-623.1898666666667,-566.2800967741936,-525.3681428571429,0.0,0.0,0.1493333333333333,0.4517096774193548,0.0276333333333333,0.3933870967741935,3.2498666666666667,7.700032258064516,5.026190476190476,0.0,0.0,22960731.33333333,23931384.129032254,27660603.33333333,27904887.80645161,24368629.53333333,22207723.19354839,23130302.76190476,0.0,0.0,17.358999999999998,19.333,21.0943,23.441258064516127,22.75933333333333,19.874161290322583,20.793904761904763,0.0,0.0,25.766416666666668,27.467129032258065,29.538833333333333,31.62235483870968,29.96356666666667,25.88845161290323,26.737809523809524,0.0,0.0,9.827666666666667,11.732483870967744,12.627066666666668,15.124935483870969,16.540866666666666,15.727903225806452,16.241666666666667,0.0,0.0,0.0,0.0,0.0,0.0,0.0,0.0,0.0,0.0,0.0,0.0,0.0,0.0,0.0,0.0,0.0,0.0,0.0,0.0,0.0,0.0,0.0,0.0,0.0,0.0,0.0,0.0,28.735,84.54566666666666,161.63233333333335,230.668,309.08166666666665,438.2556666666667,634.5126666666666,0.0,0.4865,1.44125,2.468666666666667,3.4410000000000003,4.6535,6.66325,9.151666666666666,0.0,0.0,4.304666666666667,4.057032258064516,3.4132,3.2441935483870967,3.9534,5.498516129032258,5.535285714285714,0.0,8.056279788256717,7.96599348,0.0003891811798869967,0.01972767548108486,5,train,7.93781908,0.0002709349793270016,0.016460102652383478,5,train
MX15,15.248,1.372,2017,0.0,18.762,146.633,317.252,537.856,731.121,872.972,1034.681,0.0,0.0,0.015,39.221,71.039,181.246,402.14,723.626,985.332,0.0,0.0,-10.924,-61.02258064516129,-179.17479999999998,-267.0846129032258,-264.9958,-65.39648387096774,64.38606451612903,0.0,0.0,0.00375,1.264709677419355,1.0606,3.5550645161290326,7.363133333333334,10.370516129032255,8.442129032258064,0.0,0.0,24469908.0,23641308.25806452,26462860.266666666,24723338.80645161,23090330.73333333,21090512.0,20966242.0,0.0,0.0,14.6905,14.124870967741934,15.6873,17.11625806451613,16.442166666666665,14.57583870967742,15.21641935483871,0.0,0.0,23.0585,21.72790322580645,23.2623,24.086580645161288,22.662433333333336,20.032,20.29667741935484,0.0,0.0,6.741,7.368806451612903,8.419033333333333,10.70674193548387,11.016333333333334,10.619129032258064,10.916419354838707,0.0,0.0,0.0,0.0,0.0,0.0,0.0,0.0,0.0,0.0,0.0,0.0,0.0,0.0,0.0,0.0,0.0,0.0,0.0,0.0,0.0,0.0,0.0,0.0,0.0,0.0,0.0,0.0,0.0,44.43566666666667,111.041,189.0053333333333,300.2706666666666,456.3,645.9993333333333,0.0,0.296,1.04125,2.075,3.24425,5.0865,7.62425,10.3615,0.0,0.0,5.454,5.429774193548387,4.948333333333333,4.993096774193549,5.5372,6.531000000000001,7.159516129032258,0.0,2.391,2.45194088,4.961888092699989e-05,0.00704406707286351,5,train,2.46599256,3.982558100299912e-05,0.006310751223348859,5,train
MX16,14.622,1.507,2017,0.0,81.467,355.407,677.819,1065.709,1397.918,1671.871,1908.237,0.0,0.0,0.5349999999999999,25.863,28.811,68.439,225.976,495.643,670.814,0.0,0.0,-25.94909090909091,-109.00232258064516,-262.23133333333334,-427.9278387096775,-494.5201666666666,-385.2997741935484,-289.12324,0.0,0.0,0.0486363636363636,0.8170322580645161,0.0982666666666666,1.2783225806451612,5.251233333333333,8.698935483870969,7.00684,0.0,0.0,23182936.727272727,23585212.25806452,26887976.2,26159452.967741936,23023072.33333333,21116140.096774194,21933717.48,0.0,0.0,17.406090909090906,18.836774193548383,20.74706666666667,22.51258064516129,21.07363333333333,18.83719354838709,19.45464,0.0,0.0,26.020727272727274,26.835,28.8897,30.28122580645161,27.6487,24.711322580645163,24.93644,0.0,0.0,9.660363636363636,11.585580645161292,12.6358,15.004935483870968,15.593366666666666,14.872032258064516,15.08292,0.0,0.0,0.0,0.0,0.0,0.0,0.0,0.0,0.0,0.0,0.0,0.0,0.0,0.0,0.0,0.0,0.0,0.0,0.0,0.0,0.0,0.0,0.0,0.0,0.0,0.0,0.0,0.0,35.737,107.89933333333336,206.98366666666664,291.6476666666667,396.84366666666665,561.1636666666667,771.7413333333334,0.0,0.5940000000000001,1.78675,3.066333333333333,4.22575,5.91625,8.5275,11.183333333333332,0.0,0.0,4.912909090909091,4.652967741935483,3.8687666666666662,3.7155483870967743,4.6403,6.031741935483871,6.721760000000001,0.0,4.554,4.6321268,0.00033323371819998933,0.018254690306877007,5,train,4.57739174,0.00024610597558799775,0.015687765155942314,5,train
MX17,13.863,1.454,2017,0.0,51.472,480.665,930.112,1407.791,1791.689,2157.934,2532.876,0.0,0.0,0.0,13.851,36.848,219.474,646.722,978.454,1408.937,0.0,0.0,-12.67275,-98.89609677419357,-254.96043333333333,-361.9214516129032,-177.27983333333336,94.06412903225804,279.9338387096774,0.0,0.0,0.0,0.4468064516129032,0.7665666666666666,5.8911612903225805,14.2416,10.701032258064515,13.886548387096774,0.0,0.0,24112882.0,23920632.06451613,25764350.066666663,23663308.387096774,21952670.766666666,22614596.451612905,21578324.35483871,0.0,0.0,22.868,23.84493548387097,24.981566666666662,25.409,22.7966,21.81435483870968,22.09490322580645,0.0,0.0,30.4435,31.070935483870965,32.0701,31.98232258064516,28.293366666666667,27.18306451612903,26.660709677419355,0.0,0.0,15.10475,16.719548387096776,17.7459,19.44822580645161,18.261066666666668,17.616032258064514,17.930290322580642,0.0,0.0,0.0,0.0,0.0,0.0,0.0,0.0,0.0,0.0,0.0,0.0,0.0,1.0,0.0,0.0,0.0,0.0,0.0,0.0,0.0,0.0,0.0,0.0,0.0,0.0,0.0,0.0,0.0,48.84,119.64866666666668,197.215,313.487,479.2763333333333,682.1966666666666,0.0,0.294,1.0595,2.1006666666666667,3.361,5.539,8.17925,11.06875,0.0,0.0,5.35075,5.198161290322581,4.751833333333334,5.162709677419355,7.2059,8.483225806451614,8.736967741935484,0.0,4.697,4.64987334,0.001143045702433013,0.03380895890785478,5,train,4.6246738,0.0007546064046999995,0.027470100194575183,5,train
MX18,13.732,1.443,2017,0.0,113.966,486.469,850.977,1269.216,1705.191,2136.675,2492.879,0.0,0.0,12.866,17.888,19.642,21.405,107.65,363.536,599.301,0.0,0.0,-15.147416666666668,-110.38451612903226,-271.7957333333333,-444.1057419354839,-595.6249,-517.6706774193548,-409.46732,0.0,0.0,1.0721666666666667,0.162,0.0584666666666666,0.0568709677419354,2.8748333333333336,8.254387096774193,9.4306,0.0,0.0,21779790.166666668,24036079.322580647,27357782.666666668,27854818.70967742,22447407.5,21481944.0,19219866.6,0.0,0.0,19.49716666666667,22.01622580645161,22.150266666666667,23.49158064516129,24.5325,23.91883870967742,24.24816,0.0,0.0,27.65608333333333,30.8581935483871,31.072866666666663,31.534387096774196,31.2374,29.46741935483871,29.00788,0.0,0.0,13.282666666666666,14.811709677419357,14.9234,16.93506451612903,19.714566666666663,20.450645161290325,21.06908,0.0,0.0,0.0,0.0,0.0,0.0,0.0,0.0,0.0,0.0,0.0,0.0,0.0,0.0,0.0,0.0,0.0,0.0,0.0,0.0,0.0,0.0,0.0,0.0,0.0,0.0,0.0,0.0,40.521,114.32933333333334,211.13866666666664,296.92633333333333,383.693,504.479,679.7066666666666,0.0,0.705,2.004,3.343,4.5625,5.951499999999999,7.891,10.323666666666666,0.0,0.0,3.888916666666667,3.32483870967742,2.9623,2.8691612903225807,3.4866,4.968741935483871,5.32596,0.0,5.783,5.7687701,3.411211805000047e-05,0.0058405580255657475,5,train,5.735566,3.937319223499664e-05,0.006274806151188787,5,train
MX20,13.078,1.416,2017,0.0,176.938,585.574,1025.238,1512.701,1946.381,2377.75,2550.471,0.0,0.0,12.451,53.228,93.15,214.836,591.856,820.954,903.016,0.0,0.0,-21.058785714285712,-99.53454838709678,-218.56866666666667,-323.1691612903226,-168.0204,6.576419354838709,47.2955,0.0,0.0,0.8893571428571428,1.3153870967741936,1.330733333333333,3.9253548387096777,12.567333333333332,7.3902580645161295,6.8385,0.0,0.0,20605349.14285714,21758195.16129032,23774401.2,21543885.774193548,19799142.8,21467319.48387097,20811689.08333333,0.0,0.0,22.63842857142857,23.181806451612903,24.655466666666666,25.724612903225804,24.456,23.915129032258065,24.393416666666667,0.0,0.0,29.16771428571429,29.31058064516129,31.039566666666666,31.23896774193549,29.1019,28.758645161290325,28.82558333333333,0.0,0.0,17.041999999999998,18.16883870967742,19.351266666666668,21.232806451612905,20.8803,20.504451612903228,20.914666666666665,0.0,0.0,0.0,0.0,0.0,0.0,0.0,0.0,0.0,0.0,0.0,0.0,0.0,0.0,0.0,0.0,0.0,0.0,0.0,0.0,0.0,0.0,0.0,0.0,0.0,0.0,0.0,0.0,39.158,112.76766666666668,216.31566666666663,329.3636666666667,480.1843333333333,662.4876666666667,821.0405000000001,0.0,0.7175,2.019,3.4106666666666663,4.97175,7.4265,10.2255,11.996,0.0,0.0,6.165642857142857,5.98958064516129,5.6892,5.853096774193548,7.068133333333334,7.365322580645161,7.490416666666667,0.0,1.397,1.40447434,3.177314110799968e-05,0.0056367669020458595,5,train,1.42808762,2.5993832402000308e-05,0.005098414694981206,5,train
MX21,14.354,1.463,2017,0.0,67.504,304.858,576.232,883.3629999999999,1141.164,1377.282,1586.783,0.0,0.0,0.379,40.325,85.546,257.991,508.376,721.513,890.755,0.0,0.0,-23.308555555555557,-97.83564516129032,-221.2940333333333,-293.88629032258063,-206.3170333333333,-78.52335483870968,-34.744040000000005,0.0,0.0,0.0421111111111111,1.2885806451612902,1.5073666666666667,5.562741935483871,8.346166666666667,6.875387096774194,6.769679999999999,0.0,0.0,23564641.55555556,23779729.741935484,25901974.466666665,23561799.387096774,22221197.666666668,23051688.54838709,23586148.08,0.0,0.0,17.500444444444444,17.65658064516129,19.0458,19.907451612903223,18.593366666666668,17.616709677419358,18.38004,0.0,0.0,25.406666666666663,25.41651612903226,26.4742,26.633548387096774,24.3205,23.51383870967742,24.28276,0.0,0.0,9.533555555555555,10.469387096774192,11.868966666666669,13.967870967741936,13.6889,13.016870967741935,13.26264,0.0,0.0,0.0,0.0,0.0,0.0,0.0,0.0,0.0,0.0,0.0,0.0,0.0,0.0,0.0,0.0,0.0,0.0,0.0,0.0,0.0,0.0,0.0,0.0,0.0,0.0,0.0,0.0,21.551,63.43966666666668,125.64433333333334,198.81966666666668,309.15766666666667,465.0373333333334,648.9350000000001,0.0,0.272,0.97475,1.9406666666666668,3.0635000000000003,4.9285,7.424250000000001,9.673,0.0,0.0,4.677444444444444,4.65358064516129,4.310266666666666,4.681064516129032,5.8571333333333335,6.416193548387096,6.62352,0.0,2.139,2.14314546,4.828634053799973e-05,0.006948837351528652,5,train,2.1755119,3.376156122000037e-05,0.005810469965501962,5,train
MX22,14.798,1.473,2017,0.0,48.085,251.182,510.572,856.938,1149.114,1385.621,1659.554,0.0,0.0,0.0,43.165,65.121,103.117,234.8,352.893,429.937,0.0,0.0,-19.96742857142857,-83.30229032258065,-228.33036666666663,-378.0401935483871,-502.1070666666666,-473.0475806451613,-543.6918387096774,0.0,0.0,0.0,1.3924193548387096,0.7318666666666667,1.2256774193548388,4.389433333333333,3.809451612903226,2.485290322580645,0.0,0.0,24454140.57142857,23728471.741935484,26679225.33333333,26308316.451612905,24437682.933333334,22531072.16129032,22525779.83870968,0.0,0.0,16.869285714285713,16.551516129032258,18.64633333333333,21.17309677419355,19.7392,17.62925806451613,18.836548387096773,0.0,0.0,26.09857142857143,25.05587096774193,27.264433333333333,29.221806451612903,26.94926666666667,23.77690322580645,25.04467741935484,0.0,0.0,7.700571428571428,9.635,11.012833333333331,13.804193548387095,13.789433333333331,13.40725806451613,13.840516129032258,0.0,0.0,0.0,0.0,0.0,0.0,0.0,0.0,0.0,0.0,0.0,0.0,0.0,0.0,0.0,0.0,0.0,0.0,0.0,0.0,0.0,0.0,0.0,0.0,0.0,0.0,0.0,0.0,0.0,68.324,159.97366666666667,242.65666666666667,344.23466666666667,486.9093333333333,663.2586666666667,0.0,0.346,1.24025,2.365333333333333,3.458,4.9615,7.1625,9.404666666666666,0.0,0.0,5.757428571428571,5.766838709677419,5.102866666666667,4.852,5.2235,6.536225806451613,6.81741935483871,0.0,6.893,6.7130791599999995,0.0002968395704530064,0.017229032777640374,5,train,6.65038962,0.00034711032929199913,0.01863089716819883,5,train
MX23,13.957,1.382,2017,0.0,64.788,546.125,1061.247,1621.199,2142.564,2682.035,3019.238,0.0,0.0,1.1,24.001,77.037,139.858,338.69,446.76,527.031,0.0,0.0,-11.6585,-81.32967741935484,-211.9485,-325.8637741935484,-340.6757,-312.5200322580645,-355.48321052631576,0.0,0.0,0.275,0.738741935483871,1.7678666666666667,2.0264838709677417,6.6277333333333335,3.4861290322580643,4.22478947368421,0.0,0.0,20155972.5,20040428.612903222,22071563.066666663,22076171.54838709,18192861.53333333,22074691.93548387,20961484.684210528,0.0,0.0,26.197,25.527,27.17073333333333,28.062967741935484,27.378833333333333,27.402290322580644,27.74752631578947,0.0,0.0,32.1805,31.48167741935484,32.825066666666665,33.42077419354839,31.6581,32.03512903225807,31.958526315789477,0.0,0.0,21.2425,20.75583870967742,23.13253333333333,24.15825806451613,24.7412,24.09616129032258,24.50563157894737,0.0,0.0,0.0,0.0,0.0,0.0,0.0,0.0,0.0,0.0,0.0,0.0,0.0,0.0,2.0,1.0,0.0,0.0,0.0,0.0,0.0,0.0,0.0,0.0,0.0,0.0,0.0,0.0,0.0,138.529,336.3653333333333,543.3863333333334,763.7993333333334,996.127,1196.981,0.0,0.763,2.28775,4.292,6.251666666666668,8.93325,12.20025,14.5885,0.0,0.0,4.487,4.588193548387097,4.870566666666666,5.226322580645161,6.356333333333334,6.076677419354839,6.013736842105263,0.0,1.014,1.0200585199999999,1.676467146199973e-05,0.004094468397973018,5,train,1.0476768799999998,1.2447499866999607e-05,0.0035281014536149053,5,train
MX24,12.983,1.469,2017,0.0,128.503,440.244,811.977,1260.452,1705.733,2099.046,2462.721,0.0,0.0,2.219,52.799,75.389,143.09199999999998,211.034,349.455,420.409,0.0,0.0,-31.756857142857143,-90.21725806451612,-230.90973333333332,-379.7057419354839,-494.0200333333333,-522.6858387096775,-576.5432307692307,0.0,0.0,0.1585,1.6316129032258064,0.753,2.183967741935484,2.264733333333333,4.465193548387097,2.729,0.0,0.0,21062223.07142857,20833879.22580645,24657188.066666663,23784151.16129032,24823955.33333333,22362300.19354839,23809501.923076924,0.0,0.0,19.178785714285716,20.05616129032258,22.3911,24.46693548387097,24.8427,22.687516129032257,23.9875,0.0,0.0,26.877714285714287,26.953741935483876,29.80666666666667,31.344451612903224,31.232266666666664,28.092451612903226,29.446,0.0,0.0,12.238071428571429,14.24458064516129,15.9901,18.48325806451613,19.520633333333333,18.869935483870968,19.372230769230768,0.0,0.0,0.0,0.0,0.0,0.0,0.0,0.0,0.0,0.0,0.0,0.0,0.0,2.0,0.0,1.0,0.0,0.0,0.0,0.0,0.0,0.0,0.0,0.0,0.0,0.0,0.0,0.0,33.059,97.51333333333332,191.64766666666665,286.79833333333335,390.6423333333333,511.528,654.0563333333333,0.0,0.5605,1.712,2.998666666666667,4.27225,5.8245000000000005,7.673249999999999,9.535333333333334,0.0,0.0,4.0775,4.304612903225807,3.7298,3.7385161290322575,3.815166666666667,4.84141935483871,4.566423076923077,0.0,1.006,1.03437272,5.7581929826999714e-05,0.00758827581384597,5,train,1.0671671200000001,7.225548333199933e-05,0.008500322542821497,5,train
MX25,14.331,1.562,2017,0.0,108.121,480.118,882.442,1339.895,1865.801,2462.231,2884.481,0.0,0.0,31.880000000000003,32.782000000000004,33.367000000000004,33.635,38.437,130.11,237.049,0.0,0.0,2.667583333333336,-93.1156129032258,-255.9722,-435.6497741935484,-620.0777666666667,-758.3620967741934,-781.9507272727274,0.0,0.0,2.6566666666666667,0.0290967741935483,0.0195,0.0086451612903225,0.1600666666666666,2.957193548387097,4.860863636363636,0.0,0.0,21054826.916666668,24162026.25806452,26791206.0,28212364.0,25833649.4,22807499.16129032,20512285.045454547,0.0,0.0,19.01008333333333,21.99990322580645,23.4108,24.75654838709677,27.5302,29.23967741935484,29.193181818181817,0.0,0.0,27.03,30.65658064516129,31.243133333333333,31.727193548387092,32.9722,34.243483870967744,33.67663636363636,0.0,0.0,12.726666666666668,14.786516129032258,16.524533333333334,18.58841935483871,22.77833333333333,25.29125806451613,25.742590909090907,0.0,0.0,0.0,0.0,0.0,0.0,0.0,0.0,0.0,0.0,0.0,0.0,0.0,0.0,0.0,0.0,8.0,2.0,0.0,0.0,0.0,0.0,0.0,0.0,0.0,0.0,0.0,0.0,64.887,191.62566666666663,361.6906666666667,493.6686666666666,589.7226666666667,667.279,751.1933333333333,0.0,0.922,2.715,4.639666666666667,6.1885,7.55475,8.79,10.056,0.0,0.0,3.97075,3.189741935483871,2.554733333333333,2.332322580645161,2.2860666666666662,3.738032258064517,4.524090909090909,0.0,9.544,9.55268,4.8215240500001985e-05,0.006943719500383205,5,train,9.503302,0.00023172502900001976,0.015222517170298077,5,train
MX28,14.207,1.556,2017,0.0,171.536,574.972,1038.16,1576.742,2151.335,2713.709,3235.187,0.0,0.0,2.916,69.335,90.913,152.048,211.872,313.612,372.531,0.0,0.0,-30.841615384615384,-72.92206451612903,-211.1553333333333,-373.87174193548384,-498.6897,-581.1535483870967,-698.6078148148148,0.0,0.0,0.2243076923076923,2.1425483870967743,0.7192666666666666,1.972096774193548,1.994133333333333,3.281935483870968,2.182185185185185,0.0,0.0,19623967.69230769,18604406.387096774,22631531.066666663,22333046.19354839,24466012.33333333,22913087.0,23597263.62962963,0.0,0.0,23.19507692307692,23.014064516129032,25.4396,27.373612903225805,29.1531,28.14109677419355,29.314,0.0,0.0,30.777615384615384,28.734451612903225,31.817566666666668,33.19535483870968,35.0644,33.42606451612904,34.75685185185185,0.0,0.0,16.78553846153846,18.515032258064515,20.293433333333333,22.825806451612905,24.4544,24.198612903225808,24.994481481481483,0.0,0.0,0.0,0.0,0.0,0.0,0.0,0.0,0.0,0.0,0.0,1.0,0.0,5.0,5.0,16.0,5.0,15.0,0.0,0.0,0.0,0.0,0.0,0.0,0.0,0.0,0.0,0.0,36.8,119.63433333333332,258.4926666666667,391.5843333333333,507.67766666666665,616.133,728.9473333333334,0.0,0.647,2.19675,4.1066666666666665,5.90175,7.836,9.75275,11.448,0.0,0.0,4.084769230769231,4.744032258064516,4.064433333333334,4.022225806451613,3.996,4.406612903225806,4.058333333333334,0.0,2.623,2.615215,1.0802969700004547e-06,0.0010393733544787718,5,train,2.63529472,3.979406946999871e-06,0.001994845093484672,5,train
MX29,14.565,1.42,2017,0.0,33.963,152.16,314.727,520.977,698.614,841.625,985.768,0.0,0.0,0.361,58.762,100.777,249.521,409.531,594.511,714.49,0.0,0.0,-19.893875,-70.36083870967742,-176.40720000000002,-247.16912903225807,-234.29146666666665,-147.7954193548387,-139.1408846153846,0.0,0.0,0.045125,1.883903225806452,1.4005,4.798193548387097,5.333666666666667,5.967096774193548,4.614576923076923,0.0,0.0,24172458.75,23433226.70967742,25947944.266666666,23832988.64516129,22983540.766666666,22626180.06451613,23725922.384615384,0.0,0.0,14.245375,13.812806451612904,15.4189,16.653225806451612,15.921233333333332,14.61325806451613,15.54396153846154,0.0,0.0,22.81475,21.769774193548383,23.350133333333336,23.705451612903225,22.28633333333333,20.80835483870968,21.995384615384616,0.0,0.0,6.18375,6.968935483870968,8.175766666666666,10.40641935483871,10.5087,9.951612903225806,10.20773076923077,0.0,0.0,0.0,0.0,0.0,0.0,0.0,0.0,0.0,0.0,0.0,0.0,0.0,0.0,0.0,0.0,0.0,0.0,0.0,0.0,0.0,0.0,0.0,0.0,0.0,0.0,0.0,0.0,18.469,54.03933333333334,105.95300000000002,166.45000000000002,263.339,416.6023333333333,605.3763333333333,0.0,0.254,0.89375,1.7606666666666666,2.757,4.38025,6.79,9.07,0.0,0.0,4.66075,4.745548387096774,4.416566666666667,4.65941935483871,5.212533333333334,5.746,6.055846153846153,0.0,2.629,2.57447452,0.00021883698913200515,0.014793139934848354,5,train,2.5906597,4.6232727540002765e-05,0.006799465239267185,5,train
MX30,13.799,1.425,2017,0.0,285.027,713.313,1196.552,1743.082,2251.088,2736.374,2839.845,0.0,0.0,9.248,93.491,132.025,240.848,504.646,820.308,849.166,0.0,0.0,-36.977809523809526,-85.93829032258064,-182.54966666666667,-298.0555483870968,-242.0141333333333,-42.57606451612902,9.754833333333345,0.0,0.0,0.4403809523809524,2.717516129032258,1.2844666666666666,3.5104193548387093,8.793266666666666,10.182645161290322,4.809666666666666,0.0,0.0,18927707.52380952,19261789.677419357,22127600.766666666,21296191.70967742,21079898.633333333,20605811.06451613,22875035.666666668,0.0,0.0,23.572714285714284,23.81567741935484,26.107966666666663,27.63,26.933533333333333,25.65438709677419,27.245166666666663,0.0,0.0,29.861761904761902,29.43819354838709,32.3605,33.3948064516129,32.0066,30.165387096774197,31.89016666666667,0.0,0.0,18.45509523809524,19.46516129032258,21.238633333333333,23.243806451612905,23.119566666666667,22.381193548387092,23.34633333333333,0.0,0.0,0.0,0.0,0.0,0.0,0.0,0.0,0.0,0.0,0.0,0.0,1.0,6.0,8.0,2.0,0.0,0.0,0.0,0.0,0.0,0.0,0.0,0.0,0.0,0.0,0.0,0.0,68.297,173.23000000000002,291.1213333333333,413.0556666666666,561.7923333333333,740.1236666666667,866.625,0.0,1.1143333333333334,2.9765,4.781666666666667,6.5295,9.05325,12.054,13.892,0.0,0.0,6.645476190476191,6.617129032258065,6.0981000000000005,6.023322580645162,6.8359,7.430161290322581,7.155833333333334,0.0,1.668,1.7100734,0.0001640479169249995,0.012808119179840555,5,train,1.7413410800000002,0.00010274882176199992,0.010136509347995488,5,train
MX02,14.024,1.493,2019,0.0,65.06899999999999,350.352,775.192,1213.224,1835.828,2583.623,2861.272,0.0,0.0,11.331,18.974,21.535,22.776,22.917,28.956,33.214,0.0,0.0,-22.887421052631577,-114.94554838709676,-288.8212666666667,-490.8567741935484,-719.1014333333334,-962.830064516129,-1120.3541818181818,0.0,0.0,0.5963684210526317,0.2465483870967741,0.0853666666666666,0.0400322580645161,0.0046999999999999,0.1948064516129032,0.3870909090909091,0.0,0.0,16617884.89473684,21022572.032258064,26181588.4,28215493.48387097,29490962.4,27482849.54838709,25754780.90909091,0.0,0.0,13.424684210526316,19.20267741935484,24.16133333333333,24.130064516129032,30.753466666666668,34.12241935483871,35.240818181818184,0.0,0.0,19.69257894736842,26.147290322580645,31.9426,31.33935483870968,38.66373333333333,41.36632258064516,42.10727272727273,0.0,0.0,7.197631578947369,11.92,16.012733333333333,16.931451612903224,22.78363333333333,26.693064516129034,28.202181818181817,0.0,0.0,0.0,0.0,0.0,0.0,0.0,0.0,0.0,0.0,0.0,0.0,0.0,8.0,4.0,27.0,31.0,11.0,0.0,0.0,0.0,0.0,0.0,0.0,0.0,0.0,0.0,0.0,74.4175,200.08066666666664,343.1836666666666,466.2266666666666,574.7479999999999,679.9133333333333,764.4755,0.0,0.8926666666666666,2.46675,3.889333333333333,5.095,6.3875,7.67025,8.457,0.0,0.0,3.5074210526315794,2.587806451612903,1.5334666666666663,1.3619032258064516,0.9288666666666666,0.7026451612903226,0.8868181818181818,0.0,9.886,9.7170862,0.0003279033727000128,0.01810810240472515,5,train,9.6992522,0.0003039392227000085,0.017433852778431062,5,train
MX03,11.358,1.473,2019,0.0,0.0,242.644,565.697,865.958,1251.331,1775.811,2249.164,0.0,0.0,0.0,3.949,3.951,3.991,4.047000000000001,10.378,27.039,0.0,0.0,0.0,-63.60096296296297,-226.2936,-410.5747419354839,-596.7732666666667,-813.5239354838709,-1004.6121153846154,0.0,0.0,0.0,0.1462592592592592,6.666666666666667e-05,0.0012903225806451,0.0018666666666666,0.2042258064516129,0.6408076923076924,0.0,0.0,0.0,23091650.259259257,27332953.666666668,29148364.967741936,28770441.2,26924022.70967742,25083547.0,0.0,0.0,0.0,18.986814814814814,20.76843333333333,19.68583870967742,22.84576666666667,26.918709677419358,28.20588461538462,0.0,0.0,0.0,26.95051851851852,28.484466666666663,26.00974193548387,29.845266666666664,34.22632258064517,34.71523076923077,0.0,0.0,0.0,12.66362962962963,14.387933333333333,14.048741935483871,17.514,21.97,23.796115384615383,0.0,0.0,0.0,0.0,0.0,0.0,0.0,0.0,0.0,0.0,0.0,0.0,0.0,0.0,0.0,1.0,7.0,10.0,0.0,0.0,0.0,0.0,0.0,0.0,0.0,0.0,0.0,0.0,0.0,42.558,109.084,182.4453333333333,252.2673333333333,315.02833333333336,374.5216666666667,0.0,0.0,0.525,1.2283333333333333,1.88175,2.60525,3.3045,3.905,0.0,0.0,0.0,2.6250370370370373,1.8950333333333331,1.7140645161290324,1.5060666666666669,1.3951935483870967,1.8871538461538464,0.0,6.871,6.91958872,0.0003217492241969919,0.017937369489336833,5,train,6.89970094,0.00020483213549799442,0.01431195778005212,5,train
MX07,13.185,1.464,2019,0.0,222.624,677.585,1164.406,1680.736,2149.804,2623.416,2700.416,0.0,0.0,1.713,11.274,23.172,146.951,332.509,422.913,449.447,0.0,0.0,-38.93813333333333,-150.7056129032258,-309.04200000000003,-433.62603225806447,-389.5160333333333,-411.80661290322575,-445.4118,0.0,0.0,0.1142,0.3084193548387097,0.3966,3.992870967741936,6.185266666666666,2.916258064516129,5.3068,0.0,0.0,22098548.4,22870622.129032254,24832665.4,22826307.83870968,21516199.066666663,22758866.129032254,21432958.4,0.0,0.0,24.841600000000003,24.676161290322582,26.22736666666667,26.655806451612904,25.6356,25.277806451612904,25.4,0.0,0.0,31.976466666666667,31.479064516129032,32.958933333333334,32.53409677419355,30.685466666666667,30.51967741935484,30.533800000000003,0.0,0.0,18.898866666666667,19.255903225806453,20.372533333333333,21.953806451612905,21.806466666666665,21.127193548387098,21.4262,0.0,0.0,0.0,0.0,0.0,0.0,0.0,0.0,0.0,0.0,0.0,0.0,0.0,0.0,0.0,0.0,0.0,0.0,0.0,0.0,0.0,0.0,0.0,0.0,0.0,0.0,0.0,0.0,41.334,119.96066666666668,230.36033333333333,345.5366666666667,495.72066666666666,679.0386666666667,809.353,0.0,0.6955,2.0195,3.4963333333333337,5.02025,7.522,10.37925,12.213,0.0,0.0,4.4322,4.325903225806452,4.0572,4.669161290322581,5.767566666666667,5.15241935483871,5.005,0.0,2.738,2.7302454000000003,2.514679455500121e-05,0.005014657969891986,5,train,2.7571046800000003,3.115818732700109e-05,0.005581951928044624,5,train
MX08,12.3,1.457,2019,0.0,15.821,102.614,265.687,529.949,914.326,1298.066,1458.072,0.0,0.0,8.157,22.803,25.241,27.885,50.705,129.757,164.361,0.0,0.0,-29.872263157894736,-124.05490322580644,-277.92316666666665,-471.2026774193548,-670.2725333333333,-827.2979677419355,-891.7004615384615,0.0,0.0,0.4293157894736842,0.4724516129032258,0.0812666666666666,0.0852903225806451,0.7606666666666667,2.5500645161290323,2.6618461538461538,0.0,0.0,18915437.52631579,22105255.16129032,27091327.666666668,29748467.032258064,28471701.066666663,25176669.41935484,24800985.846153848,0.0,0.0,9.01457894736842,12.537774193548389,15.4197,18.52458064516129,22.812566666666665,22.378709677419355,22.308153846153843,0.0,0.0,16.10421052631579,20.238000000000003,23.049233333333333,26.141774193548382,29.895633333333333,28.76535483870968,28.76992307692308,0.0,0.0,2.865736842105263,5.427741935483871,7.739633333333333,10.457548387096772,14.689466666666668,15.945354838709678,16.407307692307693,0.0,0.0,0.0,0.0,0.0,0.0,0.0,0.0,0.0,0.0,0.0,0.0,0.0,0.0,0.0,0.0,0.0,0.0,0.0,0.0,0.0,0.0,0.0,0.0,0.0,0.0,0.0,0.0,24.4105,66.181,119.84566666666666,178.5523333333333,258.87533333333334,389.9143333333333,537.5865,0.0,0.4383333333333333,1.221,2.0196666666666667,2.837,3.9395,5.6080000000000005,7.175,0.0,0.0,3.312736842105263,3.026258064516129,2.3307,1.9111612903225808,2.089433333333333,2.8294193548387097,3.160461538461538,0.0,8.076634676053276,7.9162593999999995,0.0019998386157199935,0.04471955518249252,5,train,7.90876954,0.0006133305405480107,0.02476551111017115,5,train
MX10,14.562,1.551,2019,0.0,70.745,286.439,533.001,871.555,1248.608,1591.565,1796.157,0.0,0.0,1.4260000000000002,4.21,4.522,5.7940000000000005,39.685,123.831,136.688,0.0,0.0,-36.79235714285714,-153.49374193548388,-332.07196666666664,-545.1576774193549,-720.8472,-845.6556774193549,-932.87875,0.0,0.0,0.1018571428571428,0.0898064516129032,0.0104,0.0410322580645161,1.1297,2.714387096774193,0.8035625,0.0,0.0,22115129.42857143,24464697.032258064,28185487.73333333,29524027.48387097,26603100.33333333,24832262.580645163,25296667.125,0.0,0.0,15.053214285714288,16.957870967741933,18.218733333333333,20.921096774193547,22.56843333333333,21.063129032258065,22.787,0.0,0.0,24.171071428571427,26.05377419354839,26.96626666666667,29.86258064516129,29.5738,27.58903225806452,29.264125,0.0,0.0,7.2365,8.401,9.9576,12.15283870967742,15.5925,15.245806451612903,16.0918125,0.0,0.0,0.0,0.0,0.0,0.0,0.0,0.0,0.0,0.0,0.0,0.0,0.0,0.0,0.0,0.0,0.0,0.0,0.0,0.0,0.0,0.0,0.0,0.0,0.0,0.0,0.0,0.0,21.144,65.80566666666667,136.35366666666667,205.499,275.31166666666667,360.346,453.3165,0.0,0.4,1.24025,2.225,3.17775,4.29,5.63225,6.821,0.0,0.0,3.3147857142857142,3.072387096774193,2.7129,2.3490967741935487,3.0752333333333337,3.6893225806451615,3.3985625,0.0,4.706,4.61939696,0.0008450590476780043,0.029069899340692675,5,train,4.58135956,0.00036013861041799537,0.01897731831471442,5,train
MX12,13.381,1.455,2019,0.0,140.374,644.959,1150.682,1690.042,2152.353,2599.885,2946.385,0.0,0.0,0.37,2.886,4.513,37.572,241.18,458.239,628.891,0.0,0.0,-24.25133333333333,-129.37709677419355,-305.44186666666667,-491.2924838709677,-488.8871333333333,-446.2956774193548,-383.710625,0.0,0.0,0.0411111111111111,0.0811612903225806,0.0542333333333333,1.0664193548387095,6.786933333333334,7.001903225806451,7.110499999999999,0.0,0.0,22655179.111111112,24550159.54838709,26921182.666666668,26184970.19354839,22192127.7,22928084.51612903,22211007.08333333,0.0,0.0,25.59711111111111,26.276935483870968,26.857433333333333,27.398709677419355,25.41036666666667,24.43651612903226,24.4375,0.0,0.0,33.068444444444445,33.9471935483871,34.4834,34.29996774193548,30.4522,29.21358064516129,29.12125,0.0,0.0,18.717444444444443,19.13629032258065,19.68153333333333,20.84851612903226,21.1704,20.404129032258066,20.511166666666668,0.0,0.0,0.0,0.0,0.0,0.0,0.0,0.0,0.0,0.0,0.0,0.0,5.0,8.0,10.0,0.0,0.0,0.0,0.0,0.0,0.0,0.0,0.0,0.0,0.0,0.0,0.0,0.0,31.19,90.36966666666667,172.91133333333337,257.7683333333333,382.65899999999993,561.2943333333333,770.23,0.0,0.35,1.18425,2.3036666666666665,3.418,5.39475,8.20325,10.853,0.0,0.0,5.539111111111112,5.033935483870968,4.373433333333334,4.340096774193548,6.712833333333333,7.361774193548388,7.900125,0.0,1.855,1.89869434,0.0002210320555429992,0.014867146852809357,5,train,1.94874782,0.0001609554653970027,0.012686822509872308,5,train
MX13,14.796,1.464,2019,0.0,26.5,226.033,470.958,781.5360000000001,1022.722,1228.812,1462.999,1491.717,0.0,1.722,16.582,33.909,61.073,190.452,304.015,387.499,392.708,0.0,-9.247,-82.67574193548387,-225.9206333333333,-376.5128064516129,-461.4162,-470.7969677419355,-512.709064516129,-548.5285,0.0,0.4305,0.4793548387096774,0.5775666666666666,0.876258064516129,4.312633333333333,3.663322580645161,2.693032258064516,1.30225,0.0,23188262.0,23772989.774193548,26798015.6,27070583.35483871,23185190.2,22956732.612903222,24022391.80645161,23522905.5,0.0,16.625,16.436548387096774,18.164166666666667,20.018645161290323,18.03953333333333,16.648064516129033,17.55441935483871,17.179499999999997,0.0,25.66775,25.10132258064516,26.747633333333333,28.06216129032258,24.3802,22.709806451612906,23.81661290322581,23.459,0.0,8.3885,9.215870967741935,10.2626,12.714483870967742,13.035766666666666,12.17158064516129,12.42425806451613,11.4015,0.0,0.0,0.0,0.0,0.0,0.0,0.0,0.0,0.0,0.0,0.0,0.0,0.0,0.0,0.0,0.0,0.0,0.0,0.0,0.0,0.0,0.0,0.0,0.0,0.0,0.0,0.0,0.0,64.33,155.957,250.65133333333333,369.75233333333335,526.7286666666668,700.083,811.098,0.364,1.238,2.436666666666667,3.7025,5.49125,7.85325,10.29275,0.0,0.0,4.38675,4.126967741935483,3.6425666666666663,3.5290322580645164,4.654833333333333,4.958193548387097,4.871483870967742,4.55425,3.274,3.25049998,1.6299003531998296e-05,0.004037202438818036,5,train,3.26372882,1.3188541792000798e-05,0.0036316031985888543,5,train
MX14,14.163,1.49,2019,0.0,107.34,429.783,764.35,1167.233,1541.585,1857.076,2078.681,0.0,0.0,1.352,2.222,2.826,8.685,92.682,326.082,427.905,0.0,0.0,-30.09508333333333,-139.6908064516129,-317.74923333333334,-515.5722258064516,-643.2320333333333,-654.1747419354839,-586.8738571428572,0.0,0.0,0.1126666666666666,0.0280645161290322,0.0201333333333333,0.189,2.7999,7.529032258064516,4.848714285714285,0.0,0.0,22272393.33333333,25444300.580645163,27677300.8,28097947.032258064,24326955.466666665,22878485.870967746,23218546.285714287,0.0,0.0,18.945,20.401387096774197,21.15223333333333,22.996225806451616,22.4784,20.177129032258065,20.55261904761905,0.0,0.0,27.12425,28.836645161290324,29.514433333333333,31.105129032258063,29.37663333333333,26.506870967741936,26.716190476190476,0.0,0.0,11.2625,12.033548387096776,12.828133333333334,14.665903225806453,16.686066666666665,15.703967741935482,15.866761904761905,0.0,0.0,0.0,0.0,0.0,0.0,0.0,0.0,0.0,0.0,0.0,0.0,0.0,0.0,0.0,0.0,0.0,0.0,0.0,0.0,0.0,0.0,0.0,0.0,0.0,0.0,0.0,0.0,31.836,93.887,177.96866666666665,249.655,332.575,465.79733333333337,661.8209999999999,0.0,0.5405,1.5735,2.675333333333333,3.668,5.00125,7.1365,9.655666666666669,0.0,0.0,4.674833333333333,4.176322580645161,3.5790333333333333,3.246806451612903,4.2398,5.40341935483871,5.737333333333333,0.0,7.799,7.787043819999999,0.0010671440490720024,0.032667170815239,5,train,7.77038618,0.00020287334409200278,0.014243361404247342,5,train
MX18,13.732,1.443,2019,0.0,121.878,483.188,848.106,1264.876,1724.378,2164.027,2519.718,0.0,0.0,3.655,5.361,5.631,7.444,46.456,300.183,534.142,0.0,0.0,-21.934916666666663,-120.8198387096774,-282.7742666666666,-460.5983225806452,-621.1404666666666,-637.1141290322581,-509.47752,0.0,0.0,0.3045833333333334,0.0550322580645161,0.009,0.0584838709677419,1.3004,8.18474193548387,9.35836,0.0,0.0,19842535.83333333,24625444.677419357,27148683.2,28208704.06451613,25271753.6,21332649.51612903,19957374.24,0.0,0.0,20.1565,21.655161290322575,22.163933333333333,23.444193548387094,25.31673333333333,24.18222580645161,24.22764,0.0,0.0,27.845333333333333,30.54032258064516,30.95263333333333,31.89693548387097,32.615500000000004,29.99383870967742,29.3674,0.0,0.0,14.212833333333334,14.281709677419355,14.959633333333333,16.461290322580645,19.956266666666668,20.546709677419354,20.9312,0.0,0.0,0.0,0.0,0.0,0.0,0.0,0.0,0.0,0.0,0.0,0.0,0.0,0.0,0.0,0.0,0.0,0.0,0.0,0.0,0.0,0.0,0.0,0.0,0.0,0.0,0.0,0.0,43.876,123.51133333333333,226.9693333333333,316.88966666666664,404.058,515.6556666666667,684.401,0.0,0.75,2.09525,3.4773333333333336,4.71475,6.17225,8.09125,10.530666666666669,0.0,0.0,3.802,3.4311612903225805,3.1358666666666664,2.889032258064516,3.2191666666666667,4.720612903225806,5.2926,0.0,6.314,6.19261338,0.00010828185417199209,0.010405856724556229,5,train,6.17159066,5.384280071799625e-05,0.0073377653763251555,5,train
MX19,12.117,1.486,2019,0.0,122.44,360.975,701.777,1143.74,1609.941,2076.029,2456.916,0.0,0.0,4.057,44.03,52.593,115.455,203.969,251.324,262.075,0.0,0.0,-30.37366666666667,-106.28748387096772,-227.9059,-365.3271612903226,-499.4445333333333,-611.2174516129032,-761.2411304347826,0.0,0.0,0.2704666666666667,1.289451612903226,0.2854333333333333,2.027806451612903,2.9504666666666663,1.5275806451612903,0.4674347826086956,0.0,0.0,17972101.533333335,18708494.16129032,25274241.666666668,23608139.41935484,24581812.53333333,24999171.54838709,25629504.34782609,0.0,0.0,18.162666666666667,17.69467741935484,21.36006666666667,24.256870967741936,25.540033333333334,25.035096774193548,26.560304347826083,0.0,0.0,25.375466666666668,24.312483870967743,29.0058,30.821483870967743,32.24626666666667,31.511548387096774,33.36721739130435,0.0,0.0,11.734866666666669,12.294225806451612,14.3453,18.93722580645161,20.139966666666663,19.75732258064516,20.72060869565217,0.0,0.0,0.0,0.0,0.0,0.0,0.0,0.0,0.0,0.0,0.0,0.0,0.0,0.0,0.0,2.0,0.0,0.0,0.0,0.0,0.0,0.0,0.0,0.0,0.0,0.0,0.0,0.0,28.351,86.072,176.282,271.627,378.35,494.214,610.931,0.0,0.538,1.6215,2.938,4.17875,5.78875,7.55225,8.975,0.0,0.0,3.9364,4.011096774193549,3.5887,3.8293870967741936,3.8882,3.740741935483871,3.165695652173913,0.0,0.908,0.9571037020000001,6.089991307761974e-05,0.007803839636846706,5,train,0.989815982,4.596066247112002e-05,0.0067794293617619485,5,train
MX21,14.354,1.463,2019,0.0,75.738,347.609,639.161,963.893,1224.71,1463.96,1668.814,0.0,0.0,3.076,19.095,49.01,119.396,341.402,529.978,672.931,0.0,0.0,-22.96444444444445,-114.11654838709676,-261.9800333333333,-387.83067741935486,-360.30603333333335,-316.246064516129,-270.95144,0.0,0.0,0.3417777777777778,0.5167419354838709,0.9971666666666666,2.270516129032258,7.4002,6.083096774193548,5.71812,0.0,0.0,23069986.222222224,24388116.51612903,26335122.866666667,26097327.35483871,22809387.2,24108436.967741936,23742481.68,0.0,0.0,18.415333333333333,18.770032258064514,19.7184,20.47522580645161,18.6939,17.717741935483872,18.19416,0.0,0.0,26.229,26.588290322580644,27.163766666666668,27.499161290322583,24.3266,23.566161290322583,24.02556,0.0,0.0,10.341777777777777,10.946387096774194,12.0964,13.586870967741936,13.847,12.815935483870968,13.226959999999998,0.0,0.0,0.0,0.0,0.0,0.0,0.0,0.0,0.0,0.0,0.0,0.0,0.0,0.0,0.0,0.0,0.0,0.0,0.0,0.0,0.0,0.0,0.0,0.0,0.0,0.0,0.0,0.0,22.94,67.80799999999999,133.164,201.3023333333333,294.4943333333333,435.5533333333333,616.2356666666666,0.0,0.288,1.005,1.9836666666666665,2.99375,4.563,6.784,9.028333333333334,0.0,0.0,4.768555555555555,4.497451612903226,4.048166666666667,4.048516129032258,5.512933333333334,6.090193548387097,6.33912,0.0,2.159,2.13663256,2.4730530413002452e-05,0.00497298003344096,5,train,2.16964444,1.68585262880003e-05,0.004105913575320394,5,train
MX25,14.331,1.562,2019,0.0,95.826,433.281,818.127,1273.492,1810.484,2416.743,2854.019,0.0,0.0,0.033,3.481,3.534,3.653,4.965,73.893,137.826,0.0,0.0,-27.639666666666667,-123.32051612903224,-284.8648,-468.78225806451616,-653.2980666666666,-818.2678709677419,-897.0133636363636,0.0,0.0,0.00275,0.1112258064516129,0.0017666666666666,0.0038387096774193,0.0437333333333333,2.223483870967742,2.9060454545454544,0.0,0.0,20936299.83333333,23031915.80645161,27107407.33333333,28527020.451612905,26573024.466666665,22539408.22580645,20114191.545454547,0.0,0.0,17.985500000000002,20.885645161290324,22.8282,24.6891935483871,27.899733333333334,29.55674193548387,29.876181818181816,0.0,0.0,26.08066666666667,29.55829032258065,30.942066666666665,32.219741935483874,33.827533333333335,34.6181935483871,34.265,0.0,0.0,11.715833333333334,13.708064516129031,15.558,17.802451612903226,22.72983333333333,25.458193548387094,26.24354545454545,0.0,0.0,0.0,0.0,0.0,0.0,0.0,0.0,0.0,0.0,0.0,0.0,0.0,0.0,0.0,9.0,11.0,9.0,0.0,0.0,0.0,0.0,0.0,0.0,0.0,0.0,0.0,0.0,62.839,190.00200000000004,370.22333333333336,515.669,618.2976666666667,696.5796666666666,783.2356666666666,0.0,0.908,2.74875,4.7683333333333335,6.403499999999999,7.83025,9.03675,10.285666666666666,0.0,0.0,3.47325,3.1958387096774192,2.5960666666666667,2.171967741935484,2.0789,3.3030967741935484,3.670681818181818,0.0,10.354,10.206369200000001,0.00019135219269999243,0.01383301097736832,5,train,10.1282796,0.0001719082872999915,0.013111380068474543,5,train
MX32,13.261,1.5,2019,0.0,91.09,348.54,622.368,975.794,1333.2,1634.838,1818.341,0.0,0.0,1.22,3.352,3.927,8.558,61.336,227.415,292.756,0.0,0.0,-34.29053846153846,-147.43287096774193,-326.4351,-532.6555483870968,-692.1113666666666,-754.9044193548388,-755.1371111111112,0.0,0.0,0.0938461538461538,0.068774193548387,0.0191666666666666,0.1493870967741935,1.7592666666666663,5.357387096774194,3.6300555555555554,0.0,0.0,22118979.230769232,25106807.741935484,27980287.866666667,28713479.48387097,25794350.066666663,24657305.032258064,24797647.666666668,0.0,0.0,17.006923076923076,18.30483870967742,19.1276,21.40083870967742,21.91353333333333,19.73025806451613,20.19461111111111,0.0,0.0,24.72023076923077,26.297516129032257,27.137633333333333,29.22903225806452,28.61673333333333,26.06870967741936,26.49644444444444,0.0,0.0,9.668692307692307,10.119677419354838,11.043633333333334,13.077709677419357,15.385833333333332,14.555290322580644,14.68627777777778,0.0,0.0,0.0,0.0,0.0,0.0,0.0,0.0,0.0,0.0,0.0,0.0,0.0,0.0,0.0,0.0,0.0,0.0,0.0,0.0,0.0,0.0,0.0,0.0,0.0,0.0,0.0,0.0,22.576,68.48,136.16066666666669,200.12566666666663,270.7866666666667,367.8946666666666,479.8865,0.0,0.424,1.26375,2.216333333333333,3.11425,4.268000000000001,5.783,7.2785,0.0,0.0,3.680076923076923,3.340774193548387,2.8920000000000003,2.576096774193548,3.3501,4.389709677419354,4.395055555555556,0.0,2.146,2.23683132,0.00024138622474699614,0.015536609177906103,5,train,2.3037289999999997,0.0003146811533799952,0.01773925458918709,5,train
