adm_id,awc,bulk_density,year,max_cum_gdd1,max_cum_gdd6,max_cum_gdd7,max_cum_gdd8,max_cum_gdd9,max_cum_gdd10,max_cum_gdd11,max_cum_gdd12,max_cum_prec1,max_cum_prec6,max_cum_prec7,max_cum_prec8,max_cum_prec9,max_cum_prec10,max_cum_prec11,max_cum_prec12,mean_cum_cwb1,mean_cum_cwb6,mean_cum_cwb7,mean_cum_cwb8,mean_cum_cwb9,mean_cum_cwb10,mean_cum_cwb11,mean_cum_cwb12,mean_prec1,mean_prec6,mean_prec7,mean_prec8,mean_prec9,mean_prec10,mean_prec11,mean_prec12,mean_rad1,mean_rad6,mean_rad7,mean_rad8,mean_rad9,mean_rad10,mean_rad11,mean_rad12,mean_tavg1,mean_tavg6,mean_tavg7,mean_tavg8,mean_tavg9,mean_tavg10,mean_tavg11,mean_tavg12,mean_tmax1,mean_tmax6,mean_tmax7,mean_tmax8,mean_tmax9,mean_tmax10,mean_tmax11,mean_tmax12,mean_tmin1,mean_tmin6,mean_tmin7,mean_tmin8,mean_tmin9,mean_tmin10,mean_tmin11,mean_tmin12,tmin<5p1,tmin<5p6,tmin<5p7,tmin<5p8,tmin<5p9,tmin<5p10,tmin<5p11,tmin<5p12,tmax>32p1,tmax>32p6,tmax>32p7,tmax>32p8,tmax>32p9,tmax>32p10,tmax>32p11,tmax>32p12,prec<0.5p1,prec<0.5p6,prec<0.5p7,prec<0.5p8,prec<0.5p9,prec<0.5p10,prec<0.5p11,prec<0.5p12,mean_cum_fpar1,mean_cum_fpar7,mean_cum_fpar8,mean_cum_fpar9,mean_cum_fpar10,mean_cum_fpar11,mean_cum_fpar12,mean_cum_ndvi1,mean_cum_ndvi7,mean_cum_ndvi8,mean_cum_ndvi9,mean_cum_ndvi10,mean_cum_ndvi11,mean_cum_ndvi12,mean_ssm1,mean_ssm6,mean_ssm7,mean_ssm8,mean_ssm9,mean_ssm10,mean_ssm11,mean_ssm12,yield,stage2_tabpfn_base_prediction,stage2_tabpfn_base_prediction_variance,stage2_tabpfn_base_prediction_std,stage2_tabpfn_base_n_repeats,stage2_tabpfn_base_split,stage2_tabpfn_cn_finetuned_prediction,stage2_tabpfn_cn_finetuned_prediction_variance,stage2_tabpfn_cn_finetuned_prediction_std,stage2_tabpfn_cn_finetuned_n_repeats,stage2_tabpfn_cn_finetuned_split,baseline_predicted_yield,predicted_yield,scenario_yield_gain
ZA-A1-0001,12.089,1.492,2022,0.0,0.0,1.3679999999999986,2.508999999999997,12.533999999999995,65.059,134.868,214.025,0.0,16.047,70.874,141.965,156.185,211.458,261.442,314.629,0.0,12.2245,16.489483870967742,11.936548387096774,-20.908666666666665,-97.29806451612905,-191.5866,-253.63344,0.0,8.0235,1.7686129032258064,2.2932580645161287,0.474,1.783,1.6661333333333337,1.4119599999999999,0.0,6670551.5,10144892.274193548,13190226.193548389,16713204.333333334,22052438.48387097,24215438.6,22995390.72,0.0,12.56,10.795483870967743,11.59967741935484,13.619,15.932354838709678,17.299066666666665,18.1126,0.0,15.4975,16.861,17.30309677419355,19.747733333333333,22.25796774193548,23.1252,23.3406,0.0,9.4135,6.109064516129032,6.76858064516129,8.559733333333332,10.621354838709678,12.604533333333334,14.1944,0.0,0.0,12.0,6.0,0.0,0.0,0.0,0.0,0.0,0.0,0.0,0.0,0.0,1.0,0.0,0.0,0.0,0.0,19.0,17.0,19.0,17.0,19.0,15.0,0.0,143.20566666666664,370.376,596.5143333333334,789.9313333333333,935.003,1066.53,0.0,1.6662500000000002,4.427,7.1465,9.191666666666668,10.84725,12.344333333333331,0.0,4.8785,4.254451612903226,4.250741935483871,3.9374666666666656,3.881677419354839,3.765066666666667,4.03268,9.5,9.8502892,0.0024279352026999857,0.04927408246431369,5,test,9.7705288,0.002294330506699963,0.047899170208887364,5,test,9.571246111111114,9.590133888888891,0.018887777777777615
ZA-A1-0002,12.173,1.457,2022,371.47,0.0,0.0,4.116999999999999,43.193,94.51,149.019,243.029,551.2985,0.0,0.0289999999999999,43.976,88.12025,204.049,318.73900000000003,516.351,-116.07196,0.0,-5.634,-35.762903225806454,-105.46406666666667,-127.38212903225806,-173.2125,-161.62929032258063,4.82236,0.0,0.0096666666666666,1.4176451612903227,2.1916333333333333,3.0427096774193547,3.823,6.3745806451612905,23951498.88,0.0,14646714.0,15018677.693548389,17863638.05,22084761.64516129,22829660.3,22231360.80645161,20.13764,0.0,10.779000000000002,10.97583870967742,14.2388,15.136064516129032,16.1894,17.754032258064516,26.29168,0.0,20.29133333333333,18.36470967741936,21.46036666666667,22.317129032258062,22.9801,24.169032258064515,15.204680000000002,0.0,3.4133333333333336,4.680225806451612,8.012666666666666,9.08858064516129,10.785066666666667,13.04174193548387,0.0,0.0,3.0,20.0,5.0,2.0,0.0,0.0,0.0,0.0,0.0,0.0,0.0,0.0,0.0,0.0,5.0,0.0,3.0,16.0,16.0,12.0,7.0,2.0,717.1823333333333,0.0,67.623,169.40833333333333,281.064,405.1283333333333,546.9466666666667,9.864999999999998,0.0,0.87625,2.3385,3.776666666666667,5.37325,7.48625,4.872415,0.0,4.232,4.364516129032259,4.439133333333333,4.62,4.795733333333334,4.962032258064516,6.8,5.58402928,0.008754963552917045,0.09356796221419511,5,test,5.70152792,0.010850004878112086,0.104163356695683,5,test,5.617308333333328,5.6529077777777745,0.03559944444444696
ZA-A1-0003,11.357,1.479,2022,814.299,0.0,0.0,12.702000000000002,134.806,276.741,484.439,705.444,311.613,0.0,0.04,17.102,23.935000000000002,84.224,125.611,266.309,-704.8165,0.0,-22.09913333333333,-83.57451612903226,-220.69878333333332,-381.6020645161291,-535.5684333333334,-640.4212258064516,3.7753333333333337,0.0,0.0026666666666666,0.5263870967741935,0.1814,1.5763870967741935,1.3795666666666666,4.538645161290323,28477265.166666668,0.0,15198721.733333332,17011221.18548387,22221287.933333334,25415951.54838709,28511582.666666668,26670363.0,24.071250000000003,0.0,8.652800000000001,12.751548387096774,18.805766666666667,19.53264516129032,21.923266666666667,22.129193548387097,32.099916666666665,0.0,18.02453333333333,21.27170967741936,27.695933333333336,27.721516129032256,30.7212,30.28825806451613,17.012833333333333,0.0,1.3800666666666668,5.271,10.204,11.700096774193549,13.093866666666663,15.346516129032258,0.0,0.0,15.0,18.0,2.0,0.0,0.0,0.0,5.0,0.0,0.0,0.0,3.0,5.0,13.0,11.0,3.0,0.0,15.0,28.0,26.0,23.0,23.0,13.5,848.5605,34.834,119.325,274.6806666666667,443.846,599.4793333333333,730.7973333333333,9.2575,0.4455,1.481,3.1295,4.655,6.164,7.8705,2.5930833333333334,0.0,2.2397333333333336,2.376225806451613,1.8079666666666665,2.104741935483871,2.1138666666666666,2.8087096774193547,12.0,11.883124200000001,0.004161233458699987,0.06450762326035572,5,test,11.8032474,0.003960799996300061,0.062934886957077,5,test,10.742995555555575,11.010682777777793,0.26768722222221797
ZA-A1-0004,10.879,1.535,2022,537.489,0.0,0.0,4.105,76.835,145.944,282.968,405.39,571.375,0.0,0.0,17.4365,35.265,141.972,223.682,445.629,-353.28148,0.0,0.0,-48.18748387096774,-145.29316666666668,-253.13783870967745,-368.4926666666667,-369.32858064516125,5.02984,0.0,0.0,0.5624677419354839,0.8423666666666667,2.7437741935483877,2.7236666666666665,7.159580645161291,25547512.6,0.0,0.0,16902536.0,21539254.23333333,24181802.80645161,26596947.8,24470860.41935484,20.28396,0.0,0.0,11.725354838709675,16.987000000000002,17.06574193548387,19.531033333333333,18.92225806451613,26.7614,0.0,0.0,19.65187096774193,25.3196,24.924935483870968,27.83233333333333,26.047193548387096,15.07508,0.0,0.0,4.686322580645162,9.049533333333333,10.048387096774194,11.9601,13.776032258064516,0.0,0.0,0.0,17.0,2.0,0.0,0.0,0.0,0.0,0.0,0.0,0.0,0.0,2.0,3.0,0.0,6.0,0.0,0.0,23.0,22.0,19.0,18.0,3.0,449.462,0.0,38.169,92.76333333333334,151.632,221.3343333333333,314.32766666666663,7.0,0.0,0.5860000000000001,1.525,2.422,3.448,4.99075,4.94464,0.0,0.0,3.857064516129032,3.3425333333333334,4.099677419354839,4.033399999999999,4.906870967741935,4.6,4.28469238,0.0011796741331269796,0.03434638457140692,5,test,4.3643924400000005,0.0011592149857429996,0.034047246375338486,5,test,4.477984444444445,4.517249444444447,0.039265000000002104
ZA-A1-0005,11.833,1.422,2022,499.64,0.0,0.0,9.275,66.753,130.42100000000002,230.508,354.468,595.8148000000001,0.0,0.0,43.883,86.824,206.539,307.759,534.85,-65.89920689655172,0.0,0.0,-28.60973333333333,-101.31697499999999,-106.58103225806452,-163.08773333333332,-142.71029032258062,6.13348275862069,0.0,0.0,1.4627666666666668,2.581366666666667,2.748870967741936,3.9451833333333335,7.325516129032258,23211619.24137931,0.0,0.0,14999613.683333334,17949864.508333333,20023741.80645161,21792470.266666666,21435290.596774194,20.00593103448276,0.0,0.0,12.538566666666666,15.6485,16.034193548387098,17.942966666666667,18.809838709677415,26.197275862068967,0.0,0.0,19.940166666666663,22.923333333333336,23.020709677419354,25.19783333333333,25.288774193548388,15.351379310344829,0.0,0.0,6.3707666666666665,9.3329,10.279677419354838,12.4107,14.250451612903229,0.0,0.0,0.0,7.0,0.0,0.0,0.0,0.0,0.0,0.0,0.0,0.0,0.0,1.0,0.0,0.0,4.0,0.0,0.0,17.0,18.0,11.0,6.0,0.0,704.562,0.0,48.4005,131.03799999999998,242.88166666666663,368.1303333333333,515.3343333333333,10.81,0.0,0.8887499999999999,2.4135,3.988666666666667,5.74675,8.06,6.0296551724137935,0.0,0.0,5.0495,5.276133333333333,5.364354838709677,5.3369,5.710774193548387,6.2,5.87203918,0.00041144887927199714,0.02028420270239866,5,test,5.895812019999999,0.0006305324227570088,0.025110404671311228,5,test,5.833810555555553,5.860144999999998,0.026334444444445104
ZA-A1-0006,11.462,1.491,2022,740.221,0.0,0.0,17.650999999999996,131.59,241.075,433.976,589.166,416.078,0.0,0.0,5.6080000000000005,12.803,77.204,125.767,315.093,-590.3994615384615,0.0,-2.987,-61.88022580645161,-205.61283333333333,-357.18951612903226,-515.6323666666666,-570.2294516129033,3.8840384615384616,0.0,0.0,0.18090322580645155,0.3311666666666666,1.830258064516129,1.618766666666667,6.107290322580645,25594708.03846154,0.0,17021956.0,17760552.16129032,22505514.8,25453246.387096774,27103366.4,24888284.096774194,20.80980769230769,0.0,11.0,13.765774193548388,18.732833333333332,18.531774193548387,21.43003333333333,20.006129032258062,26.84853846153846,0.0,20.557,21.620741935483878,26.57336666666667,26.227129032258063,29.5677,26.79254838709677,15.89023076923077,0.0,3.626,6.823258064516129,11.145166666666666,11.58667741935484,13.607033333333334,14.866741935483873,0.0,0.0,1.0,10.0,0.0,0.0,0.0,0.0,0.0,0.0,0.0,0.0,1.0,2.0,9.0,0.0,8.0,0.0,1.0,28.5,26.0,20.0,18.0,4.0,398.838,0.0,37.572,91.98366666666668,148.382,209.38433333333333,283.925,6.4135,0.0,0.582,1.5195,2.381333333333333,3.3165,4.652,3.699230769230769,0.0,2.721,2.7161935483870967,2.1631333333333336,2.790451612903226,2.7475,3.859,4.55,3.78771234,0.003617628971482995,0.060146728684800435,5,test,3.8603446200000002,0.0037359135020719686,0.06112211958098286,5,test,4.02764722222222,4.236101666666665,0.2084544444444445
ZA-A1-0007,10.142,1.543,2022,572.564,0.0,0.0,12.769,104.894,185.82100000000003,333.41200000000003,454.399,497.8085,0.0,0.0,5.653,16.655,92.485,181.442,421.625,-448.39825,0.0,0.0,-59.136967741935486,-193.7994,-305.1575161290323,-427.14186666666666,-408.6282258064516,4.203730769230769,0.0,0.0,0.1823548387096774,0.3667333333333333,2.4461290322580647,3.763983333333333,5.753693548387097,25004026.923076924,0.0,0.0,17857860.096774194,22123223.466666665,23698022.0,25440670.6,23771113.774193548,19.544807692307693,0.0,0.0,13.375677419354838,17.9295,17.54222580645161,19.874866666666662,18.834387096774197,25.57473076923077,0.0,0.0,21.10332258064516,25.791066666666666,24.88464516129032,27.2462,25.17806451612903,14.683923076923076,0.0,0.0,6.37058064516129,10.2031,10.94335483870968,13.396,13.920612903225804,0.0,0.0,0.0,9.0,0.0,0.0,0.0,0.0,0.0,0.0,0.0,0.0,0.0,0.0,1.0,0.0,8.0,0.0,0.0,29.0,24.0,18.0,11.0,2.0,504.46066666666667,0.0,36.502,90.29433333333331,151.41933333333333,232.6976666666667,345.608,8.185500000000001,0.0,0.60075,1.57075,2.5346666666666664,3.7865,5.768,4.900384615384615,0.0,0.0,3.653161290322581,3.319733333333333,3.8673225806451614,3.9032,4.88958064516129,6.4,5.30836468,0.004106803290047001,0.06408434512458562,5,test,5.349416880000001,0.0033222543102570147,0.05763899990680802,5,test,5.453264444444442,5.48307722222222,0.02981277777777791
ZA-A1-0008,11.381,1.507,2022,438.372,0.0,0.0,7.685000000000002,69.70899999999999,123.511,234.25,333.963,541.7445,0.0,0.0,4.9605,35.862,115.735,224.21,485.521,-223.5446896551724,0.0,0.0,-49.117571428571424,-157.03036666666668,-239.6333870967742,-324.54569999999995,-281.72432258064515,4.564172413793103,0.0,0.0,0.17716071428571425,0.9370333333333334,2.5765483870967745,3.615833333333333,5.906454838709679,23378100.137931038,0.0,0.0,17332097.42857143,21279668.1,22090512.41935484,24260426.966666665,22285124.35483871,18.600310344827587,0.0,0.0,12.880678571428572,16.4482,16.22383870967742,18.501466666666666,18.030516129032257,24.528310344827588,0.0,0.0,20.560285714285715,24.646366666666665,23.450096774193547,25.746266666666667,24.24361290322581,14.129413793103447,0.0,0.0,6.079892857142857,9.121833333333337,10.101451612903226,12.635366666666666,13.527903225806453,0.0,0.0,0.0,10.0,0.0,0.0,0.0,0.0,0.0,0.0,0.0,0.0,0.0,0.0,0.0,0.0,7.0,0.0,0.0,23.0,24.0,13.0,7.0,0.0,527.4626666666667,0.0,27.693000000000005,72.78500000000001,133.99366666666666,221.1603333333333,350.2916666666667,8.66375,0.0,0.61825,1.60975,2.584,3.9115,6.0735,5.913413793103448,0.0,0.0,4.426642857142857,4.1212333333333335,5.00058064516129,5.137566666666667,5.522803225806452,6.5,5.40593646,0.0039542051693079935,0.06288247108143885,5,test,5.4402393799999995,0.004077284931021982,0.06385362112693362,5,test,5.776616666666666,5.8238766666666635,0.04725999999999786
ZA-A1-0009,12.851,1.516,2022,1105.888,0.0,0.0,69.36,232.487,418.078,671.448,897.278,348.623,0.0,0.019,4.509,8.321,42.007,115.878,250.238,-567.5546296296296,0.0,-3.15,-62.81606451612903,-201.18813333333333,-341.70412903225804,-485.66246666666666,-515.4203870967742,3.4275555555555552,0.0,0.019,0.1448387096774193,0.1270666666666667,1.0866451612903223,2.4623666666666666,5.243709677419355,23828328.777777776,0.0,17493008.0,17881379.51612903,21719517.366666667,21913141.967741936,24162399.933333334,22026575.322580647,22.726296296296297,0.0,13.394,17.006677419354837,20.437566666666665,20.96267741935484,23.445666666666668,22.28483870967742,28.72248148148148,0.0,21.887,24.533096774193545,28.11113333333333,28.05103225806452,30.497333333333334,28.53793548387097,17.997888888888887,0.0,6.568,9.97467741935484,12.939466666666668,14.573483870967742,17.48456666666667,17.651225806451613,0.0,0.0,0.0,0.0,0.0,0.0,0.0,0.0,0.0,0.0,0.0,0.0,3.0,6.0,16.0,4.0,6.0,0.0,1.0,30.0,26.0,17.5,8.0,3.0,559.14,0.0,54.101333333333336,132.96966666666663,209.25666666666663,292.61133333333333,407.9166666666667,8.1825,0.0,0.72525,1.8695,2.8846666666666665,4.0055,5.87375,4.142296296296296,0.0,3.215,3.0846774193548385,2.6015333333333337,3.113903225806452,3.249616666666667,4.102,6.6,5.6814602,0.018757397503700084,0.13695764857685053,5,test,5.7245900999999995,0.01144981810994496,0.10700382287537656,5,test,5.446775555555552,5.51251722222222,0.0657416666666677
